ndimage_ID,nuc_ID,perc_inside,N_inside,n_bot,n_top,p_bot,p_top
1,1,86.36363636363636,0,0,62,0.0,0.0
1,3,1.0,0,0,62,0.0,0.0
1,4,2.32,0,0,62,0.0,0.0
1,9,1.0,0,0,62,0.0,0.0
1,15,1.0,0,0,62,0.0,0.0
1,18,1.3082959641255605,0,0,62,0.0,0.0
1,19,1.0,0,0,62,0.0,0.0
1,27,1.0,0,0,62,0.0,0.0
1,28,1.0,0,0,62,0.0,0.0
1,30,1.0,0,0,62,0.0,0.0
1,62,1.0,0,0,62,0.0,0.0
1,142,1.0,0,0,62,0.0,0.0
1,160,1.0,0,0,62,0.0,0.0
1,173,1.0,0,0,62,0.0,0.0
1,208,1.0,0,0,62,0.0,0.0
1,251,1.0,0,0,62,0.0,0.0
1,287,1.0,0,0,62,0.0,0.0
1,294,1.0,0,0,62,0.0,0.0
1,346,1.1962809917355373,0,0,62,0.0,0.0
1,368,2.9854014598540144,0,0,62,0.0,0.0
1,393,1.0,0,0,62,0.0,0.0
1,409,1.0,0,0,62,0.0,0.0
1,438,1.2816,0,0,62,0.0,0.0
1,499,1.0,0,0,62,0.0,0.0
1,521,1.0,0,0,62,0.0,0.0
1,563,2.28857421875,0,0,62,0.0,0.0
1,599,53.96428571428572,0,0,62,0.0,0.0
1,601,1.0,0,0,62,0.0,0.0
1,830,2.0649895178197064,0,0,62,0.0,0.0
1,850,1.0,0,0,62,0.0,0.0
1,869,1.0,0,0,62,0.0,0.0
1,888,1.0,0,0,62,0.0,0.0
1,940,1.9818621523579203,0,0,62,0.0,0.0
1,1022,1.0,0,0,62,0.0,0.0
1,1078,1.5440528634361232,0,0,62,0.0,0.0
1,1120,1.0,0,0,62,0.0,0.0
1,1136,1.0,0,0,62,0.0,0.0
1,1242,3.3508771929824563,0,0,62,0.0,0.0
1,1338,1.0,0,0,62,0.0,0.0
1,1353,2.0944123314065517,0,0,62,0.0,0.0
1,1361,1.0,0,0,62,0.0,0.0
1,1362,2.52262443438914,0,0,62,0.0,0.0
1,1365,1.0,0,0,62,0.0,0.0
2,12,1.0,0,0,62,0.0,0.0
5,5,1.0,0,0,62,0.0,0.0
7,10,2.5876543209876544,0,0,62,0.0,0.0
10,11,1.0,0,0,62,0.0,0.0
10,13,1.0,0,0,62,0.0,0.0
10,16,1.0,0,0,62,0.0,0.0
11,2,1.0,0,0,62,0.0,0.0
12,1,1.0281385281385282,0,0,62,0.0,0.0
13,8,1.0197132616487454,0,0,62,0.0,0.0
14,6,16.516556291390728,0,0,62,0.0,0.0
14,7,1.0,0,0,62,0.0,0.0
15,6,1.0782533506268914,0,0,62,0.0,0.0
16,4,1.854351687388988,0,0,62,0.0,0.0
19,14,1.0,0,0,62,0.0,0.0
22,10,1.667020148462354,0,0,62,0.0,0.0
47,17,1.0903398926654742,0,0,62,0.0,0.0
53,36,41.56521739130435,0,0,62,0.0,0.0
53,42,1.0,0,0,62,0.0,0.0
54,21,1.0,0,0,62,0.0,0.0
58,18,4.822314049586777,0,0,62,0.0,0.0
71,23,1.0,0,0,62,0.0,0.0
71,26,1.0,0,0,62,0.0,0.0
72,22,1.0129171151776104,0,0,62,0.0,0.0
76,34,17.28688524590164,0,0,62,0.0,0.0
77,20,1.0,0,0,62,0.0,0.0
80,25,1.6308345120226309,0,0,62,0.0,0.0
81,24,1.0,0,0,62,0.0,0.0
84,31,1.0,0,0,62,0.0,0.0
98,25,2.7289940828402366,0,0,62,0.0,0.0
100,59,1.0,0,0,62,0.0,0.0
103,52,1.9147869674185465,0,0,62,0.0,0.0
104,32,1.0,0,0,62,0.0,0.0
105,49,1.1282051282051282,0,0,62,0.0,0.0
106,48,1.0,0,0,62,0.0,0.0
107,36,1.0357529794149511,0,0,62,0.0,0.0
107,41,1.0,0,0,62,0.0,0.0
108,29,1.0,0,0,62,0.0,0.0
110,47,1.0,0,0,62,0.0,0.0
113,34,11.915254237288137,0,0,62,0.0,0.0
113,35,1.3074604370761116,0,0,62,0.0,0.0
116,54,1.0491865304578132,0,0,62,0.0,0.0
118,51,1.0,0,0,62,0.0,0.0
120,39,1.0,0,0,62,0.0,0.0
122,40,1.0243667068757538,0,0,62,0.0,0.0
122,44,2.9377713458755426,0,0,62,0.0,0.0
124,33,1.032085561497326,0,0,62,0.0,0.0
124,38,1.0039318479685453,0,0,62,0.0,0.0
124,58,33.2,0,0,62,0.0,0.0
126,46,1.0046388336646783,1,0,62,0.0,0.0
126,58,1.042152466367713,0,0,62,0.0,0.0
126,60,1.8206214689265536,0,0,62,0.0,0.0
128,37,1.0,0,0,62,0.0,0.0
128,53,1.0,0,0,62,0.0,0.0
129,34,2.410285714285714,0,0,62,0.0,0.0
129,35,4.846368715083799,0,0,62,0.0,0.0
130,46,758.0,0,0,62,0.0,0.0
130,55,7.218623481781377,0,0,62,0.0,0.0
131,45,1.1714756801319044,0,0,62,0.0,0.0
132,34,2.504750593824228,0,0,62,0.0,0.0
132,43,1.0,0,0,62,0.0,0.0
133,68,1.0,0,0,62,0.0,0.0
135,66,1.654320987654321,0,0,62,0.0,0.0
135,71,3.0544959128065394,0,0,62,0.0,0.0
136,49,10.652631578947368,0,0,62,0.0,0.0
140,44,1.563944530046225,0,0,62,0.0,0.0
143,63,4.565104166666667,0,0,62,0.0,0.0
145,40,60.65714285714286,0,0,62,0.0,0.0
145,50,1.0,0,0,62,0.0,0.0
146,70,1.379331683168317,0,0,62,0.0,0.0
147,45,8.612121212121211,0,0,62,0.0,0.0
147,72,1.0503225806451613,0,0,62,0.0,0.0
150,83,1.0,80,0,27,0.0,5.5851283226289145e-21
150,57,1.0,0,0,62,0.0,0.0
150,89,4.808641975308642,0,0,62,0.0,0.0
151,52,2.214492753623188,0,0,62,0.0,0.0
151,61,1.0,0,0,62,0.0,0.0
152,65,1.0,0,0,62,0.0,0.0
154,56,1.0,0,0,62,0.0,0.0
155,67,2.125570776255708,0,0,62,0.0,0.0
157,67,2.015151515151515,0,0,62,0.0,0.0
157,73,30.490384615384617,0,0,62,0.0,0.0
157,75,1.0,0,0,62,0.0,0.0
157,81,1.0142752562225477,0,0,62,0.0,0.0
157,91,16.24561403508772,0,0,62,0.0,0.0
160,63,1.3300455235204856,0,0,62,0.0,0.0
160,79,1.0,0,0,62,0.0,0.0
163,55,1.1998654104979811,0,0,62,0.0,0.0
163,84,1.1608108108108108,0,0,62,0.0,0.0
166,60,2.293594306049822,0,0,62,0.0,0.0
167,64,1.0,0,0,62,0.0,0.0
169,77,1.0,73,0,27,0.0,1.7524996710049144e-17
170,70,3.931216931216931,0,0,62,0.0,0.0
171,74,1.0,2,0,62,0.0,0.0
172,105,1.0,0,0,62,0.0,0.0
172,113,1.0,0,0,62,0.0,0.0
172,122,1.0,0,0,62,0.0,0.0
172,124,14.0125,0,0,62,0.0,0.0
174,73,1.0413793103448277,0,0,62,0.0,0.0
174,81,115.45833333333331,0,0,62,0.0,0.0
174,91,1.0887713109935333,0,0,62,0.0,0.0
175,69,1.0,0,0,62,0.0,0.0
178,66,2.7724137931034485,0,0,62,0.0,0.0
180,78,1.03954802259887,0,0,62,0.0,0.0
181,76,1.0,0,0,62,0.0,0.0
182,84,8.259615384615385,0,0,62,0.0,0.0
184,101,1.0,1,0,62,0.0,0.0
184,102,1.0,0,0,62,0.0,0.0
184,110,1.0,0,0,62,0.0,0.0
184,119,1.0198714202220924,0,0,62,0.0,0.0
185,78,39.42857142857143,0,0,62,0.0,0.0
185,82,1.0,0,0,62,0.0,0.0
187,85,1.0031880977683316,0,0,62,0.0,0.0
190,71,1.5700280112044818,0,0,62,0.0,0.0
192,89,1.3203389830508474,0,0,62,0.0,0.0
193,90,1.0205777601899486,0,0,62,0.0,0.0
195,99,4.36180904522613,0,0,62,0.0,0.0
196,80,1.0,0,0,62,0.0,0.0
197,87,1.0231805929919138,0,0,62,0.0,0.0
198,88,1.0,0,0,62,0.0,0.0
200,95,8.107491856677525,0,0,62,0.0,0.0
202,97,1.655029093931837,0,0,62,0.0,0.0
203,86,1.0,0,0,62,0.0,0.0
203,99,1.8951965065502183,0,0,62,0.0,0.0
206,108,1.0,0,0,62,0.0,0.0
207,107,1.0013368983957218,0,0,62,0.0,0.0
212,111,1.0,0,0,62,0.0,0.0
214,90,69.70270270270271,0,0,62,0.0,0.0
214,103,1.0,0,0,62,0.0,0.0
215,93,1.0,0,0,62,0.0,0.0
216,138,1.0,98,0,35,0.0,2.8040211417250604e-36
216,95,1.1647168928404306,2,0,62,0.0,0.0
217,94,1.0,0,0,62,0.0,0.0
218,92,1.0,0,0,62,0.0,0.0
218,96,12.08,0,0,62,0.0,0.0
219,104,1.0,0,0,62,0.0,0.0
223,87,126.53333333333332,0,0,62,0.0,0.0
223,96,1.9328,0,0,62,0.0,0.0
223,100,1.0,0,0,62,0.0,0.0
225,98,1.0,0,0,62,0.0,0.0
229,112,8.91699604743083,0,0,62,0.0,0.0
230,99,5.459119496855346,0,0,62,0.0,0.0
232,96,2.8423529411764705,0,0,62,0.0,0.0
233,123,1.0,18,0,27,0.0,8.125130433512619e-05
234,106,1.289757412398922,0,0,62,0.0,0.0
235,121,1.0,122,27,62,8.499142534479936e-15,0.0
236,126,1.0,120,27,62,2.682949820822422e-08,0.0
238,109,4.222972972972973,0,0,62,0.0,0.0
238,116,34.142857142857146,0,0,62,0.0,0.0
239,97,2.633597883597884,0,0,62,0.0,0.0
239,118,1.0,0,0,62,0.0,0.0
241,112,1.1457592686642966,0,0,62,0.0,0.0
245,109,2.547554347826087,0,0,62,0.0,0.0
247,114,1.07204767063922,0,0,62,0.0,0.0
248,120,1.0,0,0,62,0.0,0.0
249,127,1.0,4,0,62,0.0,0.0
250,117,1.0,0,0,62,0.0,0.0
255,109,3.043831168831169,0,0,62,0.0,0.0
255,116,1.0436681222707425,0,0,62,0.0,0.0
257,106,4.8578680203045685,0,0,62,0.0,0.0
257,128,1.0,0,0,62,0.0,0.0
258,114,19.79,0,0,62,0.0,0.0
258,124,1.0925925925925926,0,0,62,0.0,0.0
258,129,2.344325897187197,0,0,62,0.0,0.0
258,132,1.0,0,0,62,0.0,0.0
258,143,1.0,0,0,62,0.0,0.0
258,145,1.0,0,0,62,0.0,0.0
258,146,1.0,0,0,62,0.0,0.0
258,157,3.753224419604471,0,0,62,0.0,0.0
260,134,1.0,0,0,62,0.0,0.0
264,129,1.8214016578749057,0,0,62,0.0,0.0
266,115,1.0,0,0,62,0.0,0.0
266,130,1.0,0,0,62,0.0,0.0
267,136,1.0,147,30,62,2.5738611272622795e-12,0.0
267,162,1.0023364485981308,0,0,62,0.0,0.0
267,170,4.13265306122449,1,0,62,0.0,0.0
268,125,1.0,0,0,62,0.0,0.0
269,131,1.0,0,0,62,0.0,0.0
270,152,2.1967435549525103,0,0,62,0.0,0.0
276,153,1.0,112,27,62,1.3037727672905685e-13,0.0
276,181,4.043010752688172,3,0,62,0.0,0.0
278,119,64.62962962962963,0,0,62,0.0,0.0
278,158,1.0,0,0,62,0.0,0.0
280,133,1.0,0,0,62,0.0,0.0
281,148,1.0,0,0,62,0.0,0.0
283,137,1.0,0,0,62,0.0,0.0
283,154,1.0,0,0,62,0.0,0.0
284,140,1.0,0,0,62,0.0,0.0
285,139,2.5902480752780157,3,0,62,0.0,0.0
285,141,3.909774436090225,0,0,62,0.0,0.0
287,149,1.0,0,0,62,0.0,0.0
287,151,1.2950226244343892,0,0,62,0.0,0.0
288,151,5.166064981949458,0,0,62,0.0,0.0
288,164,1.0,0,0,62,0.0,0.0
288,182,28.51428571428572,0,0,62,0.0,0.0
290,198,1.0,1,0,62,0.0,0.0
293,144,1.0,64,32,62,0.0009225786693388,0.0
294,147,1.0,0,0,62,0.0,0.0
295,139,1.669239250275634,0,0,62,0.0,0.0
295,141,1.390374331550802,0,0,62,0.0,0.0
296,168,1.0,0,0,62,0.0,0.0
298,135,1.00041928721174,0,0,62,0.0,0.0
299,150,1.0,0,0,62,0.0,0.0
300,155,1.0323435843054083,0,0,62,0.0,0.0
301,171,1.0,32,0,32,0.0,5.3830564330906506e-12
303,163,1.0,1,0,62,0.0,0.0
305,165,1.0,83,27,62,0.0219660211636506,0.0
306,174,1.0,111,25,38,0.0002355972687596,4.0163723394932025e-05
307,156,1.0,0,0,62,0.0,0.0
307,166,1.0,0,0,62,0.0,0.0
307,185,6.464435146443515,0,0,62,0.0,0.0
309,152,1.8891481913652275,0,0,62,0.0,0.0
309,155,48.675,0,0,62,0.0,0.0
310,167,1.0,0,0,62,0.0,0.0
312,169,1.0032930845225028,0,0,62,0.0,0.0
314,172,1.0,58,32,62,9.799245824318436e-05,0.0
316,157,1.3999358563181528,0,0,62,0.0,0.0
316,161,1.0,0,0,62,0.0,0.0
317,178,1.0,0,0,62,0.0,0.0
320,201,1.0,91,0,29,0.0,9.162464523301634e-19
322,159,1.0,0,0,62,0.0,0.0
325,179,1.0,98,0,25,0.0,1.7020280227853205e-13
326,199,1.0,119,0,36,0.0,2.4045287907504105e-10
331,187,1.540384109444883,31,0,36,0.0,0.0093339479358591
332,195,1.0605520926090828,5,0,62,0.0,0.0
333,217,1.0,9,0,62,0.0,0.0
335,177,1.0,7,0,62,0.0,0.0
336,180,1.0109170305676856,2,0,62,0.0,0.0
337,169,1828.0,0,0,62,0.0,0.0
337,184,1.0,0,0,62,0.0,0.0
337,188,1.4521880064829822,0,0,62,0.0,0.0
338,175,1.0,0,0,62,0.0,0.0
339,170,1.3659359190556493,1,0,62,0.0,0.0
339,191,1.0,1,0,62,0.0,0.0
341,205,1.2858166189111748,19,26,62,0.0029493881356092,0.0
341,180,347.25,0,0,62,0.0,0.0
342,200,1.127236580516899,0,0,62,0.0,0.0
343,193,1.0,18,0,27,0.0,0.0012786434407661
343,181,1.379816513761468,0,0,62,0.0,0.0
343,204,1.0,0,0,62,0.0,0.0
344,209,1.0,90,0,23,0.0,1.4413180446988386e-10
344,203,14.255555555555556,0,0,62,0.0,0.0
345,176,1.0,0,0,62,0.0,0.0
345,194,1.0,0,0,62,0.0,0.0
347,182,1.049421661409043,0,0,62,0.0,0.0
347,192,1.0,0,0,62,0.0,0.0
347,210,1.0,0,0,62,0.0,0.0
347,212,1.0,0,0,62,0.0,0.0
347,213,1.0,0,0,62,0.0,0.0
347,222,1.0599165718619643,0,0,62,0.0,0.0
349,196,1.007172131147541,0,0,62,0.0,0.0
350,186,1.0,0,0,62,0.0,0.0
350,202,1.0,0,0,62,0.0,0.0
352,190,1.0,0,0,62,0.0,0.0
353,189,1.0,0,0,62,0.0,0.0
354,183,1.0,0,0,62,0.0,0.0
358,185,1.2184542586750788,0,0,62,0.0,0.0
359,224,1.0,51,0,41,0.0,0.0215825213174039
359,256,1.2272727272727273,6,0,62,0.0,0.0
362,211,1.0,0,0,62,0.0,0.0
363,188,3.764705882352941,0,0,62,0.0,0.0
366,229,1.0,103,28,62,0.0001398275026834,0.0
367,230,1.0,0,0,62,0.0,0.0
368,206,1.0,0,0,62,0.0,0.0
368,231,1.0,0,0,62,0.0,0.0
369,197,1.0,19,0,32,0.0,1.9711005551579413e-08
369,195,27.69767441860465,0,0,62,0.0,0.0
373,216,1.0,53,26,62,1.9738232737287467e-05,0.0
374,207,1.0,11,0,62,0.0,0.0
375,187,2.95557799091368,16,0,62,0.0,0.0
376,215,1.0,0,0,62,0.0,0.0
377,221,1.0,0,0,62,0.0,0.0
379,214,1.0,3,0,62,0.0,0.0
380,205,5.084985835694051,2,0,62,0.0,0.0
382,218,1.0,1,0,62,0.0,0.0
383,240,1.0,88,27,62,2.115853396560325e-05,0.0
384,237,1.316315789473684,0,0,62,0.0,0.0
388,200,11.8125,0,0,62,0.0,0.0
388,227,4.422391857506361,0,0,62,0.0,0.0
389,220,1.0,0,0,62,0.0,0.0
390,203,1.1050818260120585,0,0,62,0.0,0.0
391,219,1.3426410703897615,0,0,62,0.0,0.0
395,232,1.0,96,34,62,2.1024420229145383e-05,0.0
399,234,1.0411178927079987,0,0,62,0.0,0.0
402,226,1.0,0,0,62,0.0,0.0
402,246,7.166666666666667,0,0,62,0.0,0.0
403,219,15.700680272108844,0,0,62,0.0,0.0
403,233,1.0,0,0,62,0.0,0.0
404,223,1.0,0,0,62,0.0,0.0
404,245,1.0,2,0,62,0.0,0.0
405,225,1.0,9,0,62,0.0,0.0
406,238,1.0,57,30,62,4.0932192203562196e-10,0.0
411,219,6.073684210526316,0,0,62,0.0,0.0
412,235,1.0,0,0,62,0.0,0.0
415,228,1.0,1,0,62,0.0,0.0
416,227,1.3246951219512195,0,0,62,0.0,0.0
420,243,1.0,59,24,62,2.0468556117426707e-06,0.0
420,239,1.3494623655913978,4,0,62,0.0,0.0
420,276,1.0,9,0,62,0.0,0.0
421,258,1.0,82,0,38,0.0,0.0018606219884116
421,236,1.0,3,0,62,0.0,0.0
421,239,4.342560553633218,1,0,62,0.0,0.0
424,222,23.291666666666668,0,0,62,0.0,0.0
426,255,1.0,116,21,40,0.0001044191582938,1.0085789037587792e-07
428,257,1.0,101,21,62,2.1180349903808463e-10,0.0
428,242,23.88888888888889,0,0,62,0.0,0.0
429,234,29.1981981981982,0,0,62,0.0,0.0
430,253,1.009009009009009,0,0,62,0.0,0.0
431,241,1.0,0,0,62,0.0,0.0
431,248,1.0,0,0,62,0.0,0.0
432,254,1.1536312849162011,0,0,62,0.0,0.0
433,252,1.0,70,0,62,0.0,0.0
434,250,1.0,4,0,62,0.0,0.0
435,242,1.060419235511714,1,0,62,0.0,0.0
436,246,1.2038073908174691,0,0,62,0.0,0.0
437,271,1.0,3,0,62,0.0,0.0
439,260,1.0,143,28,62,2.762492677226341e-06,0.0
441,237,4.530797101449275,0,0,62,0.0,0.0
441,244,14.892307692307693,0,0,62,0.0,0.0
442,272,1.0,148,30,47,1.2672259052900049e-05,0.0033301174336055
443,259,1.0,39,0,34,0.0,6.0042167076204195e-09
443,285,1.6516666666666666,2,0,62,0.0,0.0
444,244,1.0876404494382022,0,0,62,0.0,0.0
444,247,1.0,0,0,62,0.0,0.0
444,283,1.0,0,0,62,0.0,0.0
444,289,1.0966042154566744,0,0,62,0.0,0.0
444,293,1.0,0,0,62,0.0,0.0
447,278,1.0,84,0,26,0.0,2.7056366867718014e-13
448,263,1.0,0,0,62,0.0,0.0
448,267,201.28571428571428,0,0,62,0.0,0.0
449,262,1.0,2,0,62,0.0,0.0
450,265,1.0,0,0,62,0.0,0.0
451,249,1.0,0,0,62,0.0,0.0
451,261,1.094847775175644,0,0,62,0.0,0.0
455,269,1.0,0,0,62,0.0,0.0
456,256,5.948019801980198,0,0,62,0.0,0.0
457,316,4.8659127625201934,0,0,62,0.0,0.0
458,254,9.775147928994082,0,0,62,0.0,0.0
458,267,1.0136690647482014,0,0,62,0.0,0.0
463,264,1.0,55,33,62,1.042100783242558e-06,0.0
463,270,1.0,0,0,62,0.0,0.0
463,296,1.0,0,0,62,0.0,0.0
464,275,1.0,117,29,62,3.939218766361612e-09,0.0
466,303,1.0,10,34,62,0.0040182282162143,0.0
466,261,14.609375,0,0,62,0.0,0.0
468,302,1.0,136,28,62,5.942887753597424e-11,0.0
469,268,1.0,10,31,62,0.0012843734188511,0.0
470,266,1.0043478260869565,3,0,62,0.0,0.0
475,292,1.0,91,27,42,0.0003018340762811,0.0016054741045441
476,281,1.0,0,0,62,0.0,0.0
477,280,1.0,0,0,62,0.0,0.0
478,282,1.0,0,0,62,0.0,0.0
480,290,1.0,115,24,62,7.611619299972803e-10,0.0
481,274,1.0,2,0,62,0.0,0.0
482,299,1.0,201,25,62,6.079614709552786e-08,0.0
483,273,1.0,0,0,62,0.0,0.0
483,288,3.630606860158312,0,0,62,0.0,0.0
486,295,1.1222641509433962,3,0,62,0.0,0.0
487,284,1.0,0,0,62,0.0,0.0
488,277,1.0,4,0,62,0.0,0.0
489,279,1.0,0,0,62,0.0,0.0
489,291,1.162217659137577,1,0,62,0.0,0.0
490,300,1.0,113,23,62,2.6419281384390533e-08,0.0
490,323,2.4007670182166825,12,24,62,0.0243972046658112,0.0
491,286,1.0,0,0,62,0.0,0.0
492,307,1.1267985611510791,2,0,62,0.0,0.0
498,306,1.0,95,0,28,0.0,5.738148797183281e-13
499,298,1.0,3,0,62,0.0,0.0
500,311,1.0,53,32,62,8.716596486195372e-07,0.0
501,285,2.7681564245810057,0,0,62,0.0,0.0
502,314,1.0,67,0,24,0.0,1.3413444434437952e-11
503,317,1.0,108,0,33,0.0,3.2421639203038647e-26
503,295,10.54609929078014,2,0,62,0.0,0.0
503,327,31.58333333333333,1,0,62,0.0,0.0
506,304,1.0,0,0,62,0.0,0.0
511,309,1.0,51,29,62,1.6314878238343e-05,0.0
514,289,14.082706766917294,0,0,62,0.0,0.0
514,301,1.0,0,0,62,0.0,0.0
514,313,1.0,0,0,62,0.0,0.0
515,288,1.6264775413711583,0,0,62,0.0,0.0
515,305,1.4824824824824825,0,0,62,0.0,0.0
516,319,1.0,170,24,62,1.4915783185138906e-08,0.0
518,315,1.0,0,0,62,0.0,0.0
519,310,1.0,0,0,62,0.0,0.0
521,297,1.0,0,0,62,0.0,0.0
522,320,1.0,2,0,62,0.0,0.0
523,324,1.0,83,0,35,0.0,7.692012419117917e-14
523,353,1.0,45,0,39,0.0,1.4002775151833032e-08
525,312,1.0,0,0,62,0.0,0.0
527,305,3.2407002188183807,0,0,62,0.0,0.0
527,321,1.0,0,0,62,0.0,0.0
529,322,1.0,12,24,62,0.0007583236068643,0.0
529,308,1.0058881256133465,0,0,62,0.0,0.0
532,325,1.0,0,0,62,0.0,0.0
533,318,1.0,0,0,62,0.0,0.0
533,346,6.771929824561403,0,0,62,0.0,0.0
535,331,1.0,0,0,62,0.0,0.0
537,307,10.529411764705882,0,0,62,0.0,0.0
543,316,1.2965992251399052,0,0,62,0.0,0.0
550,330,1.0,69,27,62,4.201330963081532e-08,0.0
554,328,1.0,0,0,62,0.0,0.0
556,342,1.0,94,0,30,0.0,2.072231328569521e-11
557,326,1.0,0,0,62,0.0,0.0
559,323,1.7721160651096957,16,0,62,0.0,0.0
559,339,1.0,6,0,62,0.0,0.0
560,333,1.0,98,20,34,0.0093596120711222,7.803470113623377e-09
563,329,1.0,6,0,62,0.0,0.0
564,332,1.0,0,0,62,0.0,0.0
567,327,1.049861495844875,1,0,62,0.0,0.0
568,341,1.0,0,0,62,0.0,0.0
570,334,1.0,1,0,62,0.0,0.0
573,348,7.002710027100271,0,0,62,0.0,0.0
575,344,1.0,107,0,25,0.0,4.4262027466771856e-18
575,357,1.0,0,0,62,0.0,0.0
576,335,1.0,0,0,62,0.0,0.0
577,350,1.0,0,0,62,0.0,0.0
577,371,71.51612903225806,0,0,62,0.0,0.0
577,396,4.049180327868853,5,0,62,0.0,0.0
579,352,1.0011820330969268,2,0,62,0.0,0.0
582,345,1.0,112,36,62,0.0014386731806973,0.0
586,343,1.0,9,0,62,0.0,0.0
587,336,1.0,10,0,62,0.0,0.0
588,338,1.0,0,0,62,0.0,0.0
591,340,1.0161469933184857,0,0,62,0.0,0.0
595,378,1.0,0,0,62,0.0,0.0
596,337,1.0,0,0,62,0.0,0.0
597,367,1.0,1,0,62,0.0,0.0
598,351,1.0,93,32,62,8.93016871516264e-07,0.0
600,340,140.3846153846154,0,0,62,0.0,0.0
600,348,11.962962962962964,0,0,62,0.0,0.0
601,356,1.0,0,0,62,0.0,0.0
603,354,1.0,1,0,62,0.0,0.0
605,349,1.0178988326848248,2,0,62,0.0,0.0
606,358,1.0,146,29,62,8.382650130491855e-06,0.0
611,355,1.0,95,26,62,6.22588234143884e-10,0.0
612,372,1.0,13,29,62,0.0005659249431567,0.0
614,347,1.0,1,0,62,0.0,0.0
615,364,1.0,100,22,62,5.661902024672576e-05,0.0
615,387,2.537037037037037,6,0,62,0.0,0.0
618,359,1.0,67,28,62,4.627405358364046e-11,0.0
619,366,1.0,80,31,62,7.354593379935529e-05,0.0
623,368,1.6294820717131475,0,0,62,0.0,0.0
624,388,1.3399668325041458,0,0,62,0.0,0.0
624,415,2.582985821517932,0,0,62,0.0,0.0
626,349,145.33333333333334,0,0,62,0.0,0.0
626,365,1.0,5,0,62,0.0,0.0
628,348,1.3952483801295896,0,0,62,0.0,0.0
628,361,2.646017699115044,0,0,62,0.0,0.0
629,385,1.0,169,29,62,1.6828419467133583e-08,0.0
632,373,1.0,61,0,26,0.0,9.161610362102894e-12
634,369,1.0,0,0,62,0.0,0.0
635,362,1.0034530386740332,0,0,62,0.0,0.0
636,363,1.0,1,0,62,0.0,0.0
638,348,36.91428571428571,0,0,62,0.0,0.0
638,360,1.0,0,0,62,0.0,0.0
638,361,6.547445255474453,0,0,62,0.0,0.0
638,375,16.469135802469136,0,0,62,0.0,0.0
643,370,1.0,0,0,62,0.0,0.0
644,389,1.0,54,0,34,0.0,5.4127744744924735e-15
644,381,1.0,1,0,62,0.0,0.0
646,379,1.0,45,0,42,0.0,1.0550028459982202e-06
646,401,1.6332819722650231,4,0,62,0.0,0.0
647,361,2.3450980392156864,0,0,62,0.0,0.0
650,374,2.8428927680798006,1,0,62,0.0,0.0
652,374,1.6078984485190408,1,0,62,0.0,0.0
658,371,1.0254394079555966,3,0,62,0.0,0.0
660,377,3.9,0,0,62,0.0,0.0
662,386,1.0,217,30,62,4.2745656906515866e-17,0.0
671,394,1.0,102,28,62,2.0017509590236253e-13,0.0
672,376,1.0,0,0,62,0.0,0.0
672,383,1.1435810810810811,0,0,62,0.0,0.0
672,391,1.0,0,0,62,0.0,0.0
673,380,1.0,5,0,62,0.0,0.0
674,384,1.0,0,0,62,0.0,0.0
677,382,1.0,8,0,62,0.0,0.0
677,398,2.2681388012618298,1,0,62,0.0,0.0
679,375,1.132427843803056,0,0,62,0.0,0.0
680,405,1.0,7,0,62,0.0,0.0
681,403,1.0,85,0,22,0.0,9.12520849346386e-15
683,377,1.4096385542168677,8,0,62,0.0,0.0
684,404,1.0,1,0,62,0.0,0.0
685,395,1.0,7,0,62,0.0,0.0
686,383,8.907894736842104,0,0,62,0.0,0.0
686,388,4.344086021505376,0,0,62,0.0,0.0
686,397,1.0,0,0,62,0.0,0.0
686,407,1.0,0,0,62,0.0,0.0
686,414,1.005813953488372,0,0,62,0.0,0.0
690,392,1.0,3,0,62,0.0,0.0
691,408,1.0,23,0,62,0.0,0.0
692,399,2.23866090712743,5,0,62,0.0,0.0
693,406,1.0277777777777777,3,0,62,0.0,0.0
694,399,1.951977401129944,1,0,62,0.0,0.0
695,390,1.0,1,0,62,0.0,0.0
695,400,1.0,9,0,62,0.0,0.0
698,402,1.2663316582914572,6,0,62,0.0,0.0
699,387,1.7507987220447283,4,0,62,0.0,0.0
700,398,1.8687459389213772,5,0,62,0.0,0.0
703,402,5.195876288659794,2,0,62,0.0,0.0
714,396,1.3722222222222222,7,0,62,0.0,0.0
715,416,1.0,47,0,19,0.0,3.841771793282729e-07
719,410,1.0,19,0,62,0.0,0.0
720,427,1.0,3,0,62,0.0,0.0
721,401,2.739018087855297,2,0,62,0.0,0.0
721,406,74.0,0,0,62,0.0,0.0
722,411,1.0,30,0,31,0.0,2.1330279086854198e-09
724,412,1.0,0,0,62,0.0,0.0
727,422,1.0,14,0,19,0.0,0.0140107840377248
732,463,1.0,0,0,62,0.0,0.0
734,413,1.0,7,0,62,0.0,0.0
735,419,1.0,0,0,62,0.0,0.0
738,418,1.0,82,0,29,0.0,5.060184162190895e-17
741,462,1.3964110929853182,0,0,62,0.0,0.0
742,421,1.0,88,0,28,0.0,3.460792381866755e-12
743,425,1.0,104,0,22,0.0,3.189601504378125e-15
743,436,3.8804204993429696,5,0,62,0.0,0.0
745,420,1.0,39,0,35,0.0,1.2850806920505838e-10
746,423,1.0,72,0,26,0.0,1.4873102059599089e-15
746,424,1.4801512287334593,11,20,62,0.0012327861629812,0.0
750,426,1.0,29,0,27,0.0,1.649172353851271e-05
750,448,675.6666666666666,0,0,62,0.0,0.0
751,433,1.0,87,0,23,0.0,3.8342953310304495e-19
751,424,3.5112107623318387,2,0,62,0.0,0.0
753,417,1.0,0,0,62,0.0,0.0
756,429,1.0,42,0,26,0.0,6.56676891329793e-09
758,445,1.0,76,0,26,0.0,6.955804150129751e-18
758,484,4.570671378091872,7,0,62,0.0,0.0
761,434,1.0,0,0,62,0.0,0.0
762,415,4.703113135914959,0,0,62,0.0,0.0
762,439,1.0,0,0,62,0.0,0.0
764,431,1.1618098159509205,2,0,62,0.0,0.0
766,415,2.6595105195362816,0,0,62,0.0,0.0
766,440,1.0,0,0,62,0.0,0.0
766,454,1.0,0,0,62,0.0,0.0
766,459,1.0,0,0,62,0.0,0.0
766,460,1.0,0,0,62,0.0,0.0
766,481,50.23809523809524,0,0,62,0.0,0.0
767,432,1.0,2,0,62,0.0,0.0
772,443,1.0345549738219897,0,0,62,0.0,0.0
774,449,1.0,0,0,62,0.0,0.0
776,431,8.911764705882353,0,0,62,0.0,0.0
778,442,1.0,145,23,62,1.16537097136102e-17,0.0
780,435,1.0,0,0,62,0.0,0.0
781,428,1.0,0,0,62,0.0,0.0
781,441,1.0,0,0,62,0.0,0.0
783,446,1.0,21,0,31,0.0,0.0001193074433053
787,436,1.380551659654044,9,0,62,0.0,0.0
790,444,1.0,66,29,62,1.3397564642159934e-07,0.0
790,437,1.0,2,0,62,0.0,0.0
792,430,1.0,0,0,62,0.0,0.0
793,452,1.0,25,0,24,0.0,0.0066253154244183
795,456,1.0,5,0,62,0.0,0.0
796,450,1.8211521926053311,2,0,62,0.0,0.0
797,464,1.0,91,18,34,0.0034767963442719,0.0004025614833763
800,451,1.0,73,25,62,0.0018027578288405,0.0
802,447,1.0,0,0,62,0.0,0.0
803,438,5.134615384615385,0,0,62,0.0,0.0
803,462,3.821428571428572,0,0,62,0.0,0.0
805,455,1.0,95,32,62,8.644138912630672e-05,0.0
806,465,1.0,25,18,62,1.019844966618862e-05,0.0
809,453,1.0,0,0,62,0.0,0.0
810,458,1.0,89,32,62,2.1451265741661595e-06,0.0
810,468,5.019267822736031,8,0,62,0.0,0.0
811,461,1.0,71,22,62,2.869248967100873e-13,0.0
811,476,3.4711538461538463,1,0,62,0.0,0.0
812,448,1.0069547938400398,1,0,62,0.0,0.0
813,467,1.0,47,0,34,0.0,1.70360842216422e-17
815,450,2.33003300330033,3,0,62,0.0,0.0
815,466,2.5389773679798826,1,0,62,0.0,0.0
817,474,1.0,137,34,62,4.027095109564508e-11,0.0
818,488,1.0,74,23,62,2.3239833520106802e-08,0.0
821,457,1.0,0,0,62,0.0,0.0
822,479,1.0,0,0,62,0.0,0.0
824,496,1.465346534653465,7,0,62,0.0,0.0
828,471,1.0,36,0,37,0.0,2.0045964894371841e-13
830,466,1.6988222097588337,0,0,62,0.0,0.0
835,470,1.0,0,0,62,0.0,0.0
837,493,1.0,43,0,21,0.0,4.0202540949182267e-07
839,485,1.0,97,32,62,1.1836625394671922e-07,0.0
839,469,1.0,0,0,62,0.0,0.0
840,478,1.0,0,0,62,0.0,0.0
841,518,1.108843537414966,0,0,62,0.0,0.0
842,477,1.0,103,23,62,9.225628428878016e-07,0.0
843,475,1.0297202797202798,0,0,62,0.0,0.0
843,482,1.0,0,0,62,0.0,0.0
844,492,4.098265895953757,0,0,62,0.0,0.0
845,483,1.0,163,23,62,5.287079286875935e-11,0.0
845,500,3.72544080604534,0,0,62,0.0,0.0
846,472,1.0,0,0,62,0.0,0.0
848,513,1.0,0,0,62,0.0,0.0
849,468,1.2763351298383143,7,0,62,0.0,0.0
850,473,1.0,1,0,62,0.0,0.0
852,489,1.0,91,25,62,3.78632050013595e-10,0.0
854,490,1.060931899641577,0,0,62,0.0,0.0
855,491,1.2042910447761197,0,0,62,0.0,0.0
858,508,1.565028901734104,0,0,62,0.0,0.0
859,494,1.0,25,0,32,0.0,4.2012737512058655e-06
859,514,5.433734939759036,1,0,62,0.0,0.0
863,486,1.0,0,0,62,0.0,0.0
864,476,1.4795081967213115,1,0,62,0.0,0.0
868,480,1.0,71,28,62,4.2497977106085295e-05,0.0
873,487,1.0,42,0,31,0.0,7.338932129177699e-09
876,481,1.074885379521141,6,0,62,0.0,0.0
878,484,1.305247225025227,1,0,62,0.0,0.0
881,495,1.0,1,0,62,0.0,0.0
882,498,1.0,49,24,39,0.0019195563719682,0.0052289543531599
884,529,3.3841536614645857,0,0,62,0.0,0.0
885,497,1.0,1,0,62,0.0,0.0
888,492,1.3956692913385826,0,0,62,0.0,0.0
888,505,1.0,0,0,62,0.0,0.0
888,516,1.0,0,0,62,0.0,0.0
888,526,10.149700598802395,0,0,62,0.0,0.0
891,529,3.528160200250313,0,0,62,0.0,0.0
891,530,1.0,0,0,62,0.0,0.0
892,522,1.226027397260274,2,0,62,0.0,0.0
893,503,1.0,57,38,62,0.000195837384646,0.0
894,504,1.0,66,0,33,0.0,1.0662714830045295e-09
896,502,1.0,44,0,27,0.0,1.7738532366649738e-20
900,506,1.0,30,0,29,0.0,5.4556465544218375e-12
901,507,1.0,100,25,62,1.7710096468515175e-14,0.0
901,491,15.938271604938272,0,0,62,0.0,0.0
904,519,1.0,87,29,62,4.05840114792756e-10,0.0
908,510,1.0,28,24,62,0.0144597895941285,0.0
909,517,1.0,102,26,62,5.5093985893766894e-08,0.0
910,523,1.0,50,0,29,0.0,8.766642926646515e-10
912,501,1.0,4,0,62,0.0,0.0
913,496,3.592233009708738,3,0,62,0.0,0.0
916,511,1.0,7,0,62,0.0,0.0
916,535,1.0,2,0,62,0.0,0.0
921,500,1.4180249280920425,4,0,62,0.0,0.0
921,520,1.0,4,0,62,0.0,0.0
922,512,1.0,1,0,62,0.0,0.0
925,532,5.298578199052133,2,0,62,0.0,0.0
926,509,1.0,0,0,62,0.0,0.0
928,514,1.2794326241134752,1,0,62,0.0,0.0
929,528,1.0,34,0,20,0.0,3.15537068227467e-05
931,534,1.0,81,20,33,2.9724188951238704e-05,0.009100870909517
932,515,1.0,0,0,62,0.0,0.0
934,525,1.0,86,37,62,9.285985902060297e-08,0.0
937,508,2.923076923076923,0,0,62,0.0,0.0
940,527,1.036818851251841,1,0,62,0.0,0.0
941,542,3.0414634146341464,3,0,62,0.0,0.0
946,522,6.08252427184466,0,0,62,0.0,0.0
946,547,11.303030303030305,1,0,62,0.0,0.0
947,537,1.0,83,29,62,1.3255469681167128e-06,0.0
950,540,1.064126984126984,3,0,62,0.0,0.0
952,524,1.0,4,0,62,0.0,0.0
957,536,1.0,0,0,62,0.0,0.0
959,532,1.2690124858115777,5,0,62,0.0,0.0
960,541,1.0,0,0,62,0.0,0.0
961,526,2.008293838862559,0,0,62,0.0,0.0
961,561,1.0,0,0,62,0.0,0.0
961,563,34.27422303473492,0,0,62,0.0,0.0
962,526,2.7516233766233764,0,0,62,0.0,0.0
963,531,1.0,0,0,62,0.0,0.0
965,527,51.51219512195122,0,0,62,0.0,0.0
965,540,21.487179487179485,0,0,62,0.0,0.0
968,563,3.2588214844428998,0,0,62,0.0,0.0
969,551,1.0334685598377282,2,0,62,0.0,0.0
970,529,2.505777777777778,0,0,62,0.0,0.0
971,568,9.396694214876034,2,0,62,0.0,0.0
974,533,1.0,5,0,62,0.0,0.0
977,543,1.0,0,0,62,0.0,0.0
978,545,1.0,20,0,62,0.0,0.0
980,553,1.0,0,0,62,0.0,0.0
981,538,1.0040899795501022,0,0,62,0.0,0.0
982,549,1.0,85,26,62,0.0007062313661199,0.0
982,581,1.0,0,0,62,0.0,0.0
984,539,1.0,2,0,62,0.0,0.0
985,550,1.0,102,32,62,3.666317362865975e-09,0.0
989,542,1.550995024875622,0,0,62,0.0,0.0
992,552,1.0,44,0,32,0.0,1.2771884348170964e-13
993,562,1.0,106,26,62,3.369703265546385e-07,0.0
993,546,1.0,0,0,62,0.0,0.0
994,557,1.0,74,0,32,0.0,6.140670071329316e-10
995,560,1.0,57,0,34,0.0,0.0006626195515492
995,558,12.89873417721519,1,0,62,0.0,0.0
996,554,1.0,2,0,62,0.0,0.0
997,574,1.0,145,22,62,1.1253841113845275e-10,0.0
998,544,1.0,3,0,62,0.0,0.0
999,565,1.0,0,0,62,0.0,0.0
1000,559,1.0,76,0,22,0.0,1.788244031645289e-20
1002,556,1.0,4,0,62,0.0,0.0
1003,585,1.0,10,0,62,0.0,0.0
1007,563,4.692866082603254,0,0,62,0.0,0.0
1008,573,5.27979274611399,2,0,62,0.0,0.0
1009,548,1.0,0,0,62,0.0,0.0
1009,569,1.0,2,0,62,0.0,0.0
1011,573,1.270573566084788,5,0,62,0.0,0.0
1015,547,1.1248492159227983,1,0,62,0.0,0.0
1016,586,1.0,0,0,62,0.0,0.0
1016,591,1.0,0,0,62,0.0,0.0
1016,624,1.0,0,0,62,0.0,0.0
1016,649,1.0,0,0,62,0.0,0.0
1016,663,1.0734714003944774,1,0,62,0.0,0.0
1017,564,1.0,0,0,62,0.0,0.0
1018,555,1.0,0,0,62,0.0,0.0
1021,567,1.0,65,22,62,9.862565355568716e-05,0.0
1022,580,1.0,0,0,62,0.0,0.0
1022,606,1.0,0,0,62,0.0,0.0
1023,594,1.7229094507669471,22,25,62,0.0014222253563169,0.0
1026,558,1.1124454148471616,8,0,62,0.0,0.0
1027,572,1.0,78,24,62,3.4136128135627943e-14,0.0
1029,575,1.101385849744712,0,0,62,0.0,0.0
1031,570,1.0,154,21,62,1.8947734639581438e-14,0.0
1033,590,5.334384858044164,18,0,62,0.0,0.0
1034,612,9.672727272727272,0,0,62,0.0,0.0
1035,576,1.0,68,34,62,0.0039456219530103,0.0
1035,588,7.49,2,0,62,0.0,0.0
1037,566,1.0,0,0,62,0.0,0.0
1038,577,1.0,91,0,25,0.0,2.5361690105300212e-17
1047,568,1.141566265060241,19,0,62,0.0,0.0
1048,571,1.0,66,0,25,0.0,1.2435103994748038e-16
1048,595,1.0,14,22,62,0.000349639710351,0.0
1055,582,1.0021067415730338,51,0,62,0.0,0.0
1056,578,1.0,0,0,62,0.0,0.0
1057,620,1.0,23,0,25,0.0,0.0001221802966645
1059,583,1.0,0,0,62,0.0,0.0
1060,598,1.0,43,0,34,0.0,2.9201222275097644e-06
1063,599,1.025101763907734,0,0,62,0.0,0.0
1065,596,1.0,63,0,32,0.0,2.0878735307213915e-12
1068,615,1.0,19,0,28,0.0,2.648103922399492e-10
1068,628,1.0,0,0,62,0.0,0.0
1069,593,1.0,0,0,62,0.0,0.0
1071,600,1.0,0,0,62,0.0,0.0
1072,597,1.2761061946902654,0,0,62,0.0,0.0
1074,579,1.0,0,0,62,0.0,0.0
1075,575,19.61038961038961,0,0,62,0.0,0.0
1075,584,1.0,0,0,62,0.0,0.0
1075,597,5.441509433962264,0,0,62,0.0,0.0
1076,587,1.0,3,0,62,0.0,0.0
1079,588,1.1721439749608764,1,0,62,0.0,0.0
1080,610,1.3073170731707318,0,0,62,0.0,0.0
1081,611,1.0,1,0,62,0.0,0.0
1083,589,1.0,0,0,62,0.0,0.0
1084,592,1.0,74,0,23,0.0,5.99852748158908e-15
1090,605,1.0,64,22,62,3.6863908098163326e-09,0.0
1091,609,1.0,121,30,62,2.60756202774151e-07,0.0
1091,636,2.703703703703704,0,0,62,0.0,0.0
1092,590,1.2484311554078995,61,0,23,0.0,0.0002435329840904
1093,604,1.0,95,25,62,9.204607731590104e-14,0.0
1095,617,1.0,1,0,62,0.0,0.0
1096,607,1.0,90,25,62,6.321686593212221e-13,0.0
1099,630,1.0,2,0,62,0.0,0.0
1102,603,1.0,4,0,62,0.0,0.0
1103,602,1.0,3,0,62,0.0,0.0
1108,614,1.0,0,0,62,0.0,0.0
1111,594,2.514079422382672,8,0,62,0.0,0.0
1112,608,1.0,0,0,62,0.0,0.0
1118,622,1.0,50,0,31,0.0,1.293077175639199e-06
1120,634,1.0,63,0,28,0.0,3.752010455376805e-23
1120,616,1.0,0,0,62,0.0,0.0
1120,626,1.0,3,0,62,0.0,0.0
1121,621,1.0,19,0,27,0.0,0.0087226477294386
1124,635,1.0,44,0,40,0.0,6.276730359282695e-20
1124,618,1.0,0,0,62,0.0,0.0
1125,613,1.0,2,0,62,0.0,0.0
1130,631,1.0,73,20,62,2.7511488143004117e-09,0.0
1132,612,1.146551724137931,0,0,62,0.0,0.0
1135,632,1.0,0,0,62,0.0,0.0
1137,610,4.647398843930636,0,0,62,0.0,0.0
1137,627,1.0,0,0,62,0.0,0.0
1137,633,1.06442417331813,0,0,62,0.0,0.0
1137,638,1.0,0,0,62,0.0,0.0
1139,619,1.003121342177136,0,0,62,0.0,0.0
1139,633,19.447916666666668,0,0,62,0.0,0.0
1144,623,1.0,0,0,62,0.0,0.0
1149,640,1.0,32,0,29,0.0,3.862683929693156e-12
1149,625,1.0,9,0,62,0.0,0.0
1149,651,3.654471544715447,0,0,62,0.0,0.0
1154,629,1.0,32,0,62,0.0,0.0
1155,644,1.0,71,18,62,0.0009165940636575,0.0
1157,636,1.6569987389659522,7,0,62,0.0,0.0
1157,642,2.5477386934673367,2,0,62,0.0,0.0
1160,637,1.0,0,0,62,0.0,0.0
1161,665,1.0,95,18,62,2.166122897108437e-12,0.0
1168,642,1.7852112676056338,0,0,62,0.0,0.0
1169,646,1.0,97,0,22,0.0,1.77616846679368e-16
1171,655,1.0,0,0,62,0.0,0.0
1171,668,1.0048923679060666,0,0,62,0.0,0.0
1173,659,1.08742774566474,0,0,62,0.0,0.0
1175,641,1.0,3,0,62,0.0,0.0
1177,647,1.0,97,29,62,0.0004864478197712,0.0
1178,664,1.9789915966386555,5,0,62,0.0,0.0
1180,643,1.0,0,0,62,0.0,0.0
1181,639,1.0,0,0,62,0.0,0.0
1186,661,1.0,37,19,62,2.956416244905455e-06,0.0
1186,679,1.0,3,0,62,0.0,0.0
1191,645,1.0,3,0,62,0.0,0.0
1198,648,1.064102564102564,0,0,62,0.0,0.0
1201,656,1.0,0,0,62,0.0,0.0
1202,654,1.4889807162534436,2,0,62,0.0,0.0
1207,650,1.0,60,0,62,0.0,0.0
1209,673,1.0,29,0,22,0.0,0.0005313917615144
1210,652,1.0,6,0,62,0.0,0.0
1211,653,1.0,2,0,62,0.0,0.0
1212,658,1.0,21,0,26,0.0,1.105605465002617e-06
1214,669,1.0,81,24,62,1.1533794944947543e-11,0.0
1214,702,1.5012285012285012,1,0,62,0.0,0.0
1215,651,1.426984126984127,1,0,62,0.0,0.0
1215,672,1.0,3,0,62,0.0,0.0
1220,662,1.0,2,0,62,0.0,0.0
1224,674,1.0,14,0,27,0.0,0.0031136175131033
1225,657,1.0,66,20,62,4.822062923373958e-06,0.0
1226,667,1.0,31,0,34,0.0,7.183890680742822e-06
1226,659,15.05,1,0,62,0.0,0.0
1227,697,12.079526226734348,0,0,62,0.0,0.0
1230,681,1.0,48,0,29,0.0,2.574233952473016e-13
1233,671,1.0,87,0,30,0.0,6.651025760903914e-17
1233,654,3.346749226006192,5,0,62,0.0,0.0
1236,660,1.0,0,0,62,0.0,0.0
1237,678,1.0,102,0,21,0.0,2.3932325430286416e-16
1240,689,1.0,0,0,62,0.0,0.0
1241,666,1.0,1,0,62,0.0,0.0
1246,682,1.0,161,30,62,5.08548867753264e-10,0.0
1247,677,1.0,145,27,62,8.902709711605401e-11,0.0
1249,684,1.0,55,34,62,1.5293140092024698e-07,0.0
1250,693,1.0,46,0,62,0.0,0.0
1251,664,2.1121076233183858,2,0,62,0.0,0.0
1253,683,1.0,53,22,62,0.0004962008930906,0.0
1255,670,1.0,0,0,62,0.0,0.0
1255,680,3.063106796116505,0,0,62,0.0,0.0
1258,687,1.0,138,0,26,0.0,2.196796715497311e-28
1259,698,1.0222146274777857,0,0,62,0.0,0.0
1261,668,1027.0,0,0,62,0.0,0.0
1261,675,1.0,0,0,62,0.0,0.0
1262,663,17.141732283464567,0,0,62,0.0,0.0
1262,676,1.0,0,0,62,0.0,0.0
1265,680,1.5503685503685505,0,0,62,0.0,0.0
1267,685,1.0,72,0,30,0.0,9.405102803443487e-14
1268,700,1.0,95,22,62,3.6220529383002384e-14,0.0
1269,690,1.0,65,0,37,0.0,6.689173748872074e-25
1270,691,1.0,0,0,62,0.0,0.0
1271,696,1.0,17,0,62,0.0,0.0
1275,701,9.842465753424657,1,0,62,0.0,0.0
1278,688,1.0,62,0,34,0.0,2.1671520871520926e-13
1279,697,1.471958762886598,0,0,62,0.0,0.0
1282,686,1.0,0,0,62,0.0,0.0
1284,699,1.0,8,0,62,0.0,0.0
1286,694,1.0,7,0,62,0.0,0.0
1288,714,1.1052036199095023,3,0,62,0.0,0.0
1289,695,1.05625,1,0,62,0.0,0.0
1289,705,20.325,0,0,62,0.0,0.0
1291,692,1.040256175663312,7,0,62,0.0,0.0
1297,707,1.137275064267352,13,0,62,0.0,0.0
1299,721,1.0,59,0,25,0.0,4.463719982343245e-15
1300,703,1.0,0,0,62,0.0,0.0
1301,701,1.166396103896104,0,0,62,0.0,0.0
1302,745,5.108333333333333,0,0,62,0.0,0.0
1302,749,1.0,3,0,62,0.0,0.0
1305,713,1.0,41,0,32,0.0,3.0702520957265205e-06
1306,705,1.0739762219286657,0,0,62,0.0,0.0
1306,712,1.0,0,0,62,0.0,0.0
1310,704,1.0,8,0,62,0.0,0.0
1311,710,1.0,1,0,62,0.0,0.0
1313,706,1.0,0,0,62,0.0,0.0
1314,708,1.0,1,0,62,0.0,0.0
1316,702,3.357142857142857,0,0,62,0.0,0.0
1316,720,1.0,0,0,62,0.0,0.0
1319,718,1.0,119,25,62,2.0793915304013218e-07,0.0
1319,707,9.831111111111111,2,0,62,0.0,0.0
1322,727,1.0042321644498189,0,0,62,0.0,0.0
1323,723,1.0,23,0,28,0.0,4.3126925243970905e-08
1325,716,1.0,0,0,62,0.0,0.0
1325,724,1.0,0,0,62,0.0,0.0
1326,709,1.3415841584158417,1,0,62,0.0,0.0
1326,719,1.0,0,0,62,0.0,0.0
1329,725,1.0,100,27,62,0.0002505358707802,0.0
1329,701,68.42857142857143,0,0,62,0.0,0.0
1330,697,4.605806451612903,0,0,62,0.0,0.0
1331,711,1.0,0,0,62,0.0,0.0
1333,730,1.5625,0,0,62,0.0,0.0
1339,717,1.0,0,0,62,0.0,0.0
1340,722,1.0,68,21,62,2.679713246153814e-09,0.0
1340,709,4.284584980237154,0,0,62,0.0,0.0
1343,736,6.25,3,0,62,0.0,0.0
1346,715,1.0,22,28,62,0.0222078030559884,0.0
1346,714,12.743478260869566,5,0,62,0.0,0.0
1352,747,1.0,19,0,22,0.0,3.187614948651231e-05
1354,728,1.58,2,0,62,0.0,0.0
1358,726,1.0,0,0,62,0.0,0.0
1360,741,1.0,85,18,62,1.1143956359796605e-08,0.0
1365,740,1.0,19,0,18,0.0,0.0002422745205879
1365,746,1.0,7,0,62,0.0,0.0
1365,757,2.350674373795761,1,0,62,0.0,0.0
1369,753,1.0076838638858396,0,0,62,0.0,0.0
1370,728,2.959654178674352,0,0,62,0.0,0.0
1370,738,1.0,5,0,62,0.0,0.0
1372,732,1.0,0,0,62,0.0,0.0
1373,731,1.0,0,0,62,0.0,0.0
1376,739,1.0,0,0,62,0.0,0.0
1381,755,1.0,66,0,31,0.0,2.4710798214259287e-19
1381,729,1.0,7,0,62,0.0,0.0
1382,750,1.0,97,25,62,7.588972957243394e-09,0.0
1382,730,2.9746835443037973,1,0,62,0.0,0.0
1382,768,122.6842105263158,0,0,62,0.0,0.0
1383,745,6.663043478260869,0,0,62,0.0,0.0
1383,766,2.068075117370892,0,0,62,0.0,0.0
1385,733,1.0,0,0,62,0.0,0.0
1385,772,70.52112676056338,0,0,62,0.0,0.0
1387,735,1.0,0,0,62,0.0,0.0
1388,743,1.0,24,0,28,0.0,2.198736053258092e-10
1389,763,1.0,117,23,62,3.895069772301403e-16,0.0
1389,734,1.0,4,0,62,0.0,0.0
1392,752,1.0,0,0,62,0.0,0.0
1393,744,1.0440251572327044,0,0,62,0.0,0.0
1393,774,289.8333333333333,0,0,62,0.0,0.0
1395,737,1.0,1,0,62,0.0,0.0
1396,736,1.2286860581745236,1,0,62,0.0,0.0
1405,742,1.0,1,0,62,0.0,0.0
1406,748,1.0,0,0,62,0.0,0.0
1406,754,1.127250900360144,0,0,62,0.0,0.0
1408,758,1.0,7,0,62,0.0,0.0
1412,760,1.0,69,34,62,7.758101820681158e-05,0.0
1416,770,1.6762589928057554,0,0,62,0.0,0.0
1419,759,4.826446280991736,0,0,62,0.0,0.0
1420,759,1.3094170403587444,0,0,62,0.0,0.0
1422,751,1.0263630916716595,7,0,62,0.0,0.0
1425,779,1.0,73,0,29,0.0,5.023144356269922e-09
1426,782,1.0,0,0,62,0.0,0.0
1427,745,1.6612466124661247,0,0,62,0.0,0.0
1428,767,1.0,1,0,62,0.0,0.0
1429,777,1.0,49,34,62,0.0003277696698573,0.0
1431,765,1.0,166,23,62,3.04306047097595e-08,0.0
1432,772,1.0218367346938777,0,0,62,0.0,0.0
1432,781,11.221311475409836,0,0,62,0.0,0.0
1433,756,1.0,3,0,62,0.0,0.0
1435,771,1.6100299401197604,1,0,62,0.0,0.0
1437,761,1.0,20,41,62,0.0185655723900486,0.0
1438,762,1.0,0,0,62,0.0,0.0
1439,786,1.0,0,0,62,0.0,0.0
1442,757,1.8290854572713644,3,0,62,0.0,0.0
1444,754,11.886075949367088,0,0,62,0.0,0.0
1444,764,1.0,0,0,62,0.0,0.0
1445,768,1.0161290322580645,1,0,62,0.0,0.0
1446,780,1.0,72,0,32,0.0,1.458028639424674e-13
1447,783,1.0,135,26,62,2.510908096925069e-09,0.0
1447,766,2.0560093348891484,1,0,62,0.0,0.0
1447,795,15.035928143712574,0,0,62,0.0,0.0
1449,770,2.67816091954023,0,0,62,0.0,0.0
1453,769,1.0,0,0,62,0.0,0.0
1454,775,1.0,14,0,62,0.0,0.0
1456,784,2.5359116022099446,3,0,62,0.0,0.0
1457,771,2.7862694300518136,1,0,62,0.0,0.0
1459,781,1.124897288414133,0,0,62,0.0,0.0
1460,774,1.01517805020432,0,0,62,0.0,0.0
1462,796,2.3144171779141103,0,0,62,0.0,0.0
1463,812,14.52482269503546,3,0,62,0.0,0.0
1464,776,1.1811072880825777,22,0,62,0.0,0.0
1465,773,1.0,0,0,62,0.0,0.0
1469,794,1.0431818181818182,12,0,62,0.0,0.0
1472,799,1.0,61,0,30,0.0,1.5913246849546106e-11
1476,788,1.0,76,0,28,0.0,3.0585180514783262e-25
1477,787,1.6669248644461658,0,0,62,0.0,0.0
1479,776,7.071161048689139,3,0,62,0.0,0.0
1480,789,1.0,124,0,31,0.0,2.1312012007282477e-25
1482,778,1.0,2,0,62,0.0,0.0
1483,793,2.7871720116618075,0,0,62,0.0,0.0
1484,784,1.79296875,4,0,62,0.0,0.0
1487,787,2.6340269277845776,0,0,62,0.0,0.0
1489,814,1.0,0,0,62,0.0,0.0
1489,816,33.206896551724135,0,0,62,0.0,0.0
1489,818,8.336842105263157,0,0,62,0.0,0.0
1491,805,9.789808917197451,0,0,62,0.0,0.0
1500,793,1.6230899830220713,1,0,62,0.0,0.0
1501,798,1.0,47,0,31,0.0,2.6226569348318833e-08
1504,795,1.0879549393414212,7,0,62,0.0,0.0
1505,803,1.0,31,0,40,0.0,3.600573202466272e-09
1505,785,1.0,0,0,62,0.0,0.0
1506,821,1.0,140,24,62,3.0277874959962044e-12,0.0
1506,812,1024.0,0,0,62,0.0,0.0
1506,822,1.0,0,0,62,0.0,0.0
1506,843,20.04878048780488,0,0,62,0.0,0.0
1507,797,1.0,0,0,62,0.0,0.0
1507,806,1.0,0,0,62,0.0,0.0
1509,791,8.198581560283689,2,0,62,0.0,0.0
1510,804,1.0,87,26,62,3.4838956710513865e-21,0.0
1515,790,1.0,0,0,62,0.0,0.0
1521,791,1.1736040609137055,14,0,62,0.0,0.0
1521,800,1.0,14,0,62,0.0,0.0
1525,792,1.0,9,0,62,0.0,0.0
1526,809,1.0,35,0,32,0.0,1.7537757404263683e-11
1533,802,1.1584047707789789,11,0,62,0.0,0.0
1536,801,1.0,0,0,62,0.0,0.0
1537,825,1.0,131,18,62,2.7932762349109524e-12,0.0
1538,796,1.8380024360535927,0,0,62,0.0,0.0
1538,828,1.27061556329849,0,0,62,0.0,0.0
1539,810,1.0,0,0,62,0.0,0.0
1540,811,1.0,0,0,62,0.0,0.0
1543,871,1.818181818181818,8,0,62,0.0,0.0
1544,807,1.0,111,37,62,4.069178587152013e-08,0.0
1545,808,1.0,0,0,62,0.0,0.0
1545,819,1.0,0,0,62,0.0,0.0
1551,820,1.0096852300242132,0,0,62,0.0,0.0
1554,823,1.0,0,0,62,0.0,0.0
1554,830,2.109207708779443,0,0,62,0.0,0.0
1555,805,1.1478715459297983,0,0,62,0.0,0.0
1556,818,1.1507446422085,0,0,62,0.0,0.0
1557,832,1.0,0,0,62,0.0,0.0
1558,813,3.910511363636364,0,0,62,0.0,0.0
1558,815,1.0,1,0,62,0.0,0.0
1560,824,1.0,59,0,62,0.0,0.0
1560,836,1.0,0,0,62,0.0,0.0
1560,839,4.034090909090909,1,0,62,0.0,0.0
1563,802,8.15748031496063,4,0,62,0.0,0.0
1564,817,1.0,0,0,62,0.0,0.0
1566,813,1.4604774535809018,1,0,62,0.0,0.0
1567,826,1.0,58,0,36,0.0,4.950023373196055e-13
1567,828,5.442786069651741,0,0,62,0.0,0.0
1569,812,1.098123324396783,16,0,62,0.0,0.0
1573,816,1.0582417582417585,0,0,62,0.0,0.0
1574,827,1.0,19,0,37,0.0,1.2477145491565072e-09
1574,839,1.3706563706563706,5,0,62,0.0,0.0
1578,831,1.0,102,30,62,6.109996282381147e-15,0.0
1580,833,1.5294797687861272,2,0,62,0.0,0.0
1582,813,1376.5,0,0,62,0.0,0.0
1582,859,7.7979452054794525,4,0,62,0.0,0.0
1585,838,1.0,59,0,25,0.0,5.566308567670343e-10
1589,840,1.0,116,30,62,1.9910767934507608e-10,0.0
1592,833,3.172661870503597,0,0,62,0.0,0.0
1596,846,1.0,66,0,25,0.0,2.3377431938874783e-11
1597,834,1.0,2,0,62,0.0,0.0
1600,858,1.0,156,25,62,0.0075002736839982,0.0
1605,847,1.0,0,0,62,0.0,0.0
1605,860,1.0,5,0,62,0.0,0.0
1609,835,1.0,0,0,62,0.0,0.0
1612,829,1.0,3,0,62,0.0,0.0
1612,851,5.1923076923076925,0,0,62,0.0,0.0
1616,837,1.0,0,0,62,0.0,0.0
1617,845,1.1009708737864077,10,0,62,0.0,0.0
1619,849,1.0,111,20,34,3.5639662797759205e-07,6.406334948470956e-05
1620,844,3.278776978417266,11,28,62,0.0007954452008998,0.0
1623,842,1.0,0,0,62,0.0,0.0
1624,855,1.0,168,25,62,2.969269752428378e-07,0.0
1626,863,1.0,60,0,19,0.0,1.0965598496979078e-09
1629,848,1.0,2,0,62,0.0,0.0
1630,854,1.0,57,21,62,9.181065032146011e-09,0.0
1633,841,1.0,0,0,62,0.0,0.0
1634,843,1.0633893919793014,0,0,62,0.0,0.0
1635,844,1.4942622950819673,4,0,62,0.0,0.0
1640,872,1.0,2,0,62,0.0,0.0
1641,853,1.0,89,0,27,0.0,4.420258520647197e-11
1642,852,1.0,0,0,62,0.0,0.0
1644,845,12.461538461538462,2,0,62,0.0,0.0
1644,851,1.283967391304348,4,0,62,0.0,0.0
1646,875,1.0,16,0,26,0.0,2.614676837187372e-08
1648,857,1.0,99,30,62,0.0001194218162608,0.0
1657,864,1.0,152,28,62,1.1298036574415035e-08,0.0
1659,859,1.1725025746652935,8,0,62,0.0,0.0
1660,862,1.0,0,0,62,0.0,0.0
1662,867,8.508928571428571,0,0,62,0.0,0.0
1663,856,1.0,0,0,62,0.0,0.0
1665,866,1.0,0,0,62,0.0,0.0
1665,874,1.0,0,0,62,0.0,0.0
1669,881,1.0,9,0,62,0.0,0.0
1670,861,1.0,0,0,62,0.0,0.0
1670,890,717.6666666666666,1,0,62,0.0,0.0
1675,865,1.0,0,0,62,0.0,0.0
1679,868,1.0,0,0,62,0.0,0.0
1680,884,1.0,29,29,62,1.8413731183482726e-05,0.0
1680,870,4.466981132075472,0,0,62,0.0,0.0
1682,883,1.0,116,0,30,0.0,1.3693082594775656e-26
1682,903,5.122093023255814,0,0,62,0.0,0.0
1685,870,1.3375706214689265,0,0,62,0.0,0.0
1686,878,4.466275659824047,0,0,62,0.0,0.0
1687,873,1.0,0,0,62,0.0,0.0
1688,886,1.0,16,0,32,0.0,5.39337950738134e-05
1689,867,1.165036674816626,0,0,62,0.0,0.0
1692,900,1.0,0,0,62,0.0,0.0
1692,917,1.0,0,0,62,0.0,0.0
1694,893,1.0,143,25,62,2.32573157088458e-12,0.0
1695,880,1.0,6,0,62,0.0,0.0
1696,885,1.0,1,0,62,0.0,0.0
1699,877,1.0,0,0,62,0.0,0.0
1700,871,2.4,0,0,62,0.0,0.0
1701,921,1.0,0,0,62,0.0,0.0
1704,878,1.3418502202643172,0,0,62,0.0,0.0
1709,879,1.0,7,0,62,0.0,0.0
1710,876,1.0,10,0,40,0.0,1.8810640680552812e-06
1710,894,1.0,31,0,38,0.0,4.297848179400096e-09
1713,903,5.796052631578948,1,0,62,0.0,0.0
1715,890,1.5959970348406227,12,0,35,0.0,0.0041120764441699
1718,882,1.0,24,0,62,0.0,0.0
1718,923,1.0,7,0,62,0.0,0.0
1722,941,1.0,167,23,62,9.436621286427236e-22,0.0
1725,910,1.0,3,0,62,0.0,0.0
1725,976,1.591684434968017,4,0,62,0.0,0.0
1725,994,4.543478260869565,0,0,62,0.0,0.0
1733,892,1.0,4,0,62,0.0,0.0
1734,904,1.0,9,0,62,0.0,0.0
1735,898,1.0,0,0,62,0.0,0.0
1736,913,1.0,94,0,42,0.0,1.1369721653348628e-06
1737,918,1.0,0,0,62,0.0,0.0
1739,889,1.0,17,26,62,0.0042517737662565,0.0
1740,934,2.1785957736877983,35,0,28,0.0,2.1718097680141403e-10
1741,897,1.0,0,0,62,0.0,0.0
1743,891,1.0,0,0,62,0.0,0.0
1744,887,1.0,0,0,62,0.0,0.0
1744,902,2.265997490589712,0,0,62,0.0,0.0
1745,908,1.0,2,0,62,0.0,0.0
1748,895,1.0,0,0,62,0.0,0.0
1749,899,1.0398818316100442,0,0,62,0.0,0.0
1749,906,1.0,3,0,62,0.0,0.0
1749,916,2.817708333333333,0,0,62,0.0,0.0
1749,922,5.420289855072464,0,0,62,0.0,0.0
1751,914,1.0,133,25,62,1.2465100799602933e-15,0.0
1752,919,1.0,71,0,30,0.0,6.180501715513217e-13
1753,901,1.0,16,20,62,2.5705756471094967e-06,0.0
1754,896,1.0,6,0,62,0.0,0.0
1754,912,1.0,0,0,62,0.0,0.0
1755,911,1.0,6,0,62,0.0,0.0
1756,905,1.0,105,24,62,1.203874087337902e-15,0.0
1757,909,1.0,16,0,62,0.0,0.0
1758,907,1.0,1,0,62,0.0,0.0
1760,915,1.024733268671193,0,0,62,0.0,0.0
1762,890,2.9292517006802723,7,0,62,0.0,0.0
1765,950,1.269320843091335,0,0,62,0.0,0.0
1766,899,37.05263157894737,0,0,62,0.0,0.0
1766,916,1.5841874084919474,0,0,62,0.0,0.0
1766,926,1.0,0,0,62,0.0,0.0
1767,927,4.0324825986078885,0,0,62,0.0,0.0
1768,903,1.727450980392157,0,0,62,0.0,0.0
1770,902,1.8466257668711656,0,0,62,0.0,0.0
1771,927,1.3674272226593234,0,0,62,0.0,0.0
1771,931,1.0,0,0,62,0.0,0.0
1771,947,1.0,2,0,62,0.0,0.0
1771,957,103.89473684210526,0,0,62,0.0,0.0
1772,920,1.5342465753424657,0,0,62,0.0,0.0
1772,932,3.751918158567775,0,0,62,0.0,0.0
1775,929,1.0,43,19,62,1.3436431893270997e-11,0.0
1777,935,1.6686211079660331,88,23,62,1.0647796646664279e-16,0.0
1786,925,1.0,32,0,28,0.0,4.5971716018598417e-10
1787,930,1.0,2,0,62,0.0,0.0
1788,937,1.0,70,0,25,0.0,7.858102854984011e-12
1789,920,3.45679012345679,0,0,62,0.0,0.0
1789,932,4.203438395415473,0,0,62,0.0,0.0
1789,940,3.2714570858283434,0,0,62,0.0,0.0
1791,924,1.0,0,0,62,0.0,0.0
1793,922,1.2635135135135136,0,0,62,0.0,0.0
1796,936,1.0,86,0,27,0.0,4.1157582769059044e-19
1801,928,1.0,1,0,62,0.0,0.0
1805,946,1.0,0,0,62,0.0,0.0
1806,942,1.0,3,0,62,0.0,0.0
1807,938,1.0,75,22,62,1.2973817949775868e-11,0.0
1808,939,1.263157894736842,6,0,62,0.0,0.0
1811,945,1.0,54,0,32,0.0,2.636774950275209e-09
1813,943,1.0,1,0,62,0.0,0.0
1815,939,8.372093023255815,0,0,62,0.0,0.0
1820,944,1.0758796100042392,9,0,62,0.0,0.0
1822,934,1.8972989017512616,37,0,27,0.0,1.0606562520411885e-15
1822,976,2.9217221135029354,0,0,62,0.0,0.0
1823,952,1.0,0,0,62,0.0,0.0
1824,961,1.0,1,0,62,0.0,0.0
1826,933,1.0,0,0,62,0.0,0.0
1827,935,2.5590697674418603,55,22,62,2.8317725069444765e-05,0.0
1831,956,1.0,92,25,62,0.0026069695929794,0.0
1831,955,5.685512367491167,1,0,62,0.0,0.0
1835,968,1.0,0,0,62,0.0,0.0
1838,958,1.0,109,29,62,1.4507672717878442e-09,0.0
1838,978,1.0,0,0,62,0.0,0.0
1839,953,1.0,61,0,37,0.0,1.00224423850757e-12
1839,964,6.5495049504950495,1,0,62,0.0,0.0
1840,932,2.216012084592145,0,0,62,0.0,0.0
1840,940,6.582329317269076,0,0,62,0.0,0.0
1844,949,1.0,0,0,62,0.0,0.0
1848,944,16.58823529411765,1,0,62,0.0,0.0
1849,955,1.2443928847641144,1,0,62,0.0,0.0
1851,939,17.647058823529413,0,0,62,0.0,0.0
1852,974,1.0,4,0,62,0.0,0.0
1853,948,1.0,1,0,62,0.0,0.0
1853,951,1.0014866204162538,0,0,62,0.0,0.0
1854,954,1.0,0,0,62,0.0,0.0
1854,965,1.0,0,0,62,0.0,0.0
1854,972,1.0,0,0,62,0.0,0.0
1855,960,1.0858725761772854,0,0,62,0.0,0.0
1859,983,1.967277856135402,36,0,62,0.0,0.0
1865,962,1.0,0,0,62,0.0,0.0
1866,959,1.0,0,0,62,0.0,0.0
1867,963,1.0,94,19,33,0.0014064812084781,8.398417667382681e-05
1868,957,1.0222682547902642,0,0,62,0.0,0.0
1870,967,1.0,90,26,62,8.550207946912264e-09,0.0
1871,966,1.0,40,0,25,0.0,8.496805928781448e-10
1877,969,1.0,1,0,62,0.0,0.0
1878,977,1.0,65,0,31,0.0,6.878270522403984e-16
1879,987,1.8245743893412287,0,0,62,0.0,0.0
1879,988,1.0,1,0,62,0.0,0.0
1881,970,1.0,59,0,37,0.0,0.0004775029998828
1883,979,1.0,29,0,62,0.0,0.0
1883,960,23.058823529411764,0,0,62,0.0,0.0
1888,964,1.2093235831809872,5,0,62,0.0,0.0
1890,982,1.0,56,0,26,0.0,6.892956279341154e-15
1897,971,1.0,0,0,62,0.0,0.0
1899,986,1.0,55,22,62,1.235170191699526e-07,0.0
1901,973,1.0,0,0,62,0.0,0.0
1902,1023,7.248979591836735,3,0,62,0.0,0.0
1904,985,1.1145898559799623,0,0,62,0.0,0.0
1905,975,1.0,4,0,62,0.0,0.0
1906,981,1.0,50,0,42,0.0,3.6341076188567234e-08
1908,987,2.316729323308271,0,0,62,0.0,0.0
1913,993,1.0,123,30,62,8.889144432396118e-08,0.0
1913,989,2.902173913043478,3,0,62,0.0,0.0
1915,980,1.0,1,0,62,0.0,0.0
1923,985,11.946308724832214,0,0,62,0.0,0.0
1923,995,1.0,0,0,62,0.0,0.0
1923,1005,1.0,0,0,62,0.0,0.0
1924,989,1.5924453280318092,0,0,62,0.0,0.0
1925,983,2.075595238095238,73,22,62,6.251987200372152e-05,0.0
1925,992,2.2392344497607657,0,0,62,0.0,0.0
1925,1032,1.254980079681275,0,0,62,0.0,0.0
1926,984,1.0,0,0,62,0.0,0.0
1926,992,2.0,0,0,62,0.0,0.0
1936,1017,7.305755395683454,0,0,62,0.0,0.0
1940,1006,1.0,0,0,62,0.0,0.0
1941,997,1.0,0,0,62,0.0,0.0
1941,998,3.2464183381088825,0,0,62,0.0,0.0
1944,990,1.0,2,0,62,0.0,0.0
1945,999,1.0336967294350845,6,0,62,0.0,0.0
1946,994,1.3121076233183857,0,0,62,0.0,0.0
1947,991,1.0,1,0,62,0.0,0.0
1952,996,1.0,0,0,62,0.0,0.0
1954,1011,1.0,60,0,36,0.0,1.3471244289287524e-14
1960,998,1.5228494623655917,0,0,62,0.0,0.0
1964,1008,1.0,119,24,42,2.757426843706308e-07,0.0006634009021187
1968,1001,1.0,0,0,62,0.0,0.0
1969,1002,1.0,102,0,29,0.0,2.8848343416173653e-28
1972,1000,1.0,0,0,62,0.0,0.0
1975,1004,1.0,22,35,62,0.0069607085647836,0.0
1976,1013,1.0,57,0,30,0.0,2.051913918041228e-17
1977,1010,1.0451745379876796,0,0,62,0.0,0.0
1978,1007,1.0,0,0,62,0.0,0.0
1981,1009,1.0,0,0,62,0.0,0.0
1983,1012,1.0,1,0,62,0.0,0.0
1985,1015,2.0016077170418005,1,0,62,0.0,0.0
1987,1003,1.0,26,0,62,0.0,0.0
1992,1024,1.0,1,0,62,0.0,0.0
1992,1031,1.0,0,0,62,0.0,0.0
1995,1015,2.1065989847715736,5,0,62,0.0,0.0
1998,1027,1.0,74,0,24,0.0,8.615180508182237e-16
1998,1019,1.0,1,0,62,0.0,0.0
2000,1018,1.0,1,0,62,0.0,0.0
2001,1017,1.1884142773551785,0,0,62,0.0,0.0
2002,1014,1.0,0,0,62,0.0,0.0
2006,1035,1.0,113,30,62,3.742912200151036e-09,0.0
2006,1016,1.0,0,0,62,0.0,0.0
2007,1021,1.0,0,0,62,0.0,0.0
2009,1020,1.0,0,0,62,0.0,0.0
2009,1030,5.469581749049429,0,0,62,0.0,0.0
2010,1033,1.0,129,29,62,2.474500151739865e-06,0.0
2014,1026,1.0,0,0,62,0.0,0.0
2017,1025,1.1253521126760564,0,0,62,0.0,0.0
2021,1039,1.0,111,0,29,0.0,2.135186515032565e-15
2025,1023,1.1847898599066045,1,0,62,0.0,0.0
2026,1025,10.33189655172414,0,0,62,0.0,0.0
2030,1029,1.0,1,0,62,0.0,0.0
2032,1028,1.0215827338129495,2,0,62,0.0,0.0
2036,1034,1.8033889857961625,67,23,62,2.732166180521948e-05,0.0
2037,1040,1.0,52,32,62,0.0101633283326508,0.0
2041,1036,4.720670391061453,1,0,62,0.0,0.0
2044,1042,2.946778711484594,0,0,62,0.0,0.0
2046,1030,1.247074122236671,0,0,62,0.0,0.0
2050,1034,2.3062460165710643,76,24,62,9.41637808784275e-06,0.0
2050,1032,5.575221238938053,0,0,62,0.0,0.0
2052,1048,1.0,113,0,28,0.0,4.559452051480592e-16
2052,1054,4.959390862944162,6,0,62,0.0,0.0
2058,1046,1.0,56,25,38,0.00842074715439,3.4955239443203695e-05
2062,1038,1.0,1,0,62,0.0,0.0
2063,1036,1.326530612244898,4,0,62,0.0,0.0
2064,1044,1.0,137,30,62,4.686278972833429e-09,0.0
2072,1037,1.0,1,0,62,0.0,0.0
2074,1043,1.0,0,0,62,0.0,0.0
2079,1045,1.0,11,0,43,0.0,0.0015581287917863
2081,1052,4.040816326530612,0,0,62,0.0,0.0
2085,1042,1.5539143279172822,0,0,62,0.0,0.0
2089,1041,1.0,0,0,62,0.0,0.0
2091,1047,1.0014749262536873,0,0,62,0.0,0.0
2098,1052,1.3943661971830985,0,0,62,0.0,0.0
2098,1059,1.0,1,0,62,0.0,0.0
2101,1075,1.1721991701244814,0,0,62,0.0,0.0
2102,1049,1.0021748586341888,0,0,62,0.0,0.0
2105,1058,1.0,17,22,62,0.0174373872771617,0.0
2106,1062,1.0,62,0,31,0.0,5.413096945428359e-16
2108,1055,1.0,77,0,33,0.0,8.670722294254498e-16
2110,1056,1.0,190,27,62,7.933696263411136e-13,0.0
2111,1051,1.0,0,0,62,0.0,0.0
2111,1057,7.513119533527697,0,0,62,0.0,0.0
2114,1050,1.0,0,0,62,0.0,0.0
2116,1053,1.0,0,0,62,0.0,0.0
2119,1060,1.0,114,23,62,3.8270659242999915e-10,0.0
2120,1066,1.0,0,0,62,0.0,0.0
2123,1054,1.284681130834977,2,0,62,0.0,0.0
2125,1069,1.0,0,0,62,0.0,0.0
2127,1061,1.0,0,0,62,0.0,0.0
2128,1099,1.2391752577319588,0,0,62,0.0,0.0
2135,1070,1.0,138,29,62,8.202740096239198e-07,0.0
2142,1065,1.0,0,0,62,0.0,0.0
2144,1074,1.0,50,0,36,0.0,1.8943463894472672e-19
2144,1094,1.0221518987341771,0,0,62,0.0,0.0
2145,1057,1.182110091743119,0,0,62,0.0,0.0
2146,1072,1.0,92,29,62,9.96873179713984e-05,0.0
2150,1085,1.0,89,0,25,0.0,5.93339548693169e-13
2150,1077,1.0136411332633788,9,0,62,0.0,0.0
2150,1106,13.018181818181818,0,0,62,0.0,0.0
2152,1081,1.0,115,0,31,0.0,9.409771225003476e-26
2155,1063,1.0,0,0,62,0.0,0.0
2159,1064,1.0,0,0,62,0.0,0.0
2161,1071,1.0289565651522716,5,0,62,0.0,0.0
2163,1067,1.0566037735849056,0,0,62,0.0,0.0
2163,1076,262.625,0,0,62,0.0,0.0
2165,1080,1.75503355704698,0,0,62,0.0,0.0
2167,1068,1.0,0,0,62,0.0,0.0
2177,1093,1.0,1,0,62,0.0,0.0
2178,1098,1.0,0,0,62,0.0,0.0
2178,1137,59.68181818181818,0,0,62,0.0,0.0
2179,1088,1.0,0,0,62,0.0,0.0
2181,1079,1.1050632911392404,0,0,62,0.0,0.0
2183,1073,1.065487884741323,0,0,62,0.0,0.0
2184,1078,3.0881057268722465,0,0,62,0.0,0.0
2185,1076,1.010096153846154,1,0,62,0.0,0.0
2189,1071,50.26829268292683,0,0,62,0.0,0.0
2189,1083,1.0,0,0,62,0.0,0.0
2193,1084,1.0,7,0,62,0.0,0.0
2195,1090,1.0,3,0,62,0.0,0.0
2197,1087,1.0,23,0,62,0.0,0.0
2198,1089,1.0,0,0,62,0.0,0.0
2199,1082,1.0,0,0,62,0.0,0.0
2200,1080,2.4845605700712587,0,0,62,0.0,0.0
2200,1086,2.6159052453468696,0,0,62,0.0,0.0
2200,1097,10.548872180451127,0,0,62,0.0,0.0
2201,1091,1.0,7,0,62,0.0,0.0
2203,1086,1.7045203969128997,0,0,62,0.0,0.0
2206,1096,1.0,0,0,62,0.0,0.0
2207,1100,1.0,0,0,62,0.0,0.0
2207,1130,1.5627906976744186,0,0,62,0.0,0.0
2208,1095,1.0,5,0,62,0.0,0.0
2211,1107,2.963414634146341,0,0,62,0.0,0.0
2212,1103,1.0,4,0,62,0.0,0.0
2217,1092,1.0,0,0,62,0.0,0.0
2221,1102,1.0,7,0,62,0.0,0.0
2221,1106,1.11353032659409,0,0,62,0.0,0.0
2226,1113,1.0,70,0,32,0.0,3.6790829887226097e-16
2233,1104,1.0,0,0,62,0.0,0.0
2241,1097,1.1387987012987013,0,0,62,0.0,0.0
2242,1101,1.0,0,0,62,0.0,0.0
2243,1099,5.656470588235294,0,0,62,0.0,0.0
2246,1114,1.0,0,0,62,0.0,0.0
2249,1111,1.0,0,0,62,0.0,0.0
2251,1105,1.0,1,0,62,0.0,0.0
2252,1123,1.0,68,0,29,0.0,1.0906665206315146e-18
2253,1115,1.0,57,0,24,0.0,9.038599647601867e-09
2253,1125,10.423529411764706,0,0,62,0.0,0.0
2254,1109,1.0,0,0,62,0.0,0.0
2255,1108,1.0,1,0,62,0.0,0.0
2255,1118,1.7298245614035088,0,0,62,0.0,0.0
2258,1107,1.5677419354838709,0,0,62,0.0,0.0
2258,1117,1.7731773177317731,0,0,62,0.0,0.0
2259,1112,1.0,0,0,62,0.0,0.0
2259,1121,4.959574468085107,0,0,62,0.0,0.0
2262,1110,1.0,1,0,62,0.0,0.0
2268,1116,1.0,0,0,62,0.0,0.0
2269,1127,1.0,1,0,62,0.0,0.0
2274,1122,7.631147540983607,0,0,62,0.0,0.0
2279,1124,1.0,125,0,27,0.0,1.7725298787826618e-35
2285,1119,1.0,0,0,62,0.0,0.0
2288,1138,1.0,150,0,32,0.0,7.242996219182668e-33
2290,1117,2.429099876695438,0,0,62,0.0,0.0
2290,1121,1.3842042755344417,0,0,62,0.0,0.0
2295,1122,2.1402298850574715,0,0,62,0.0,0.0
2299,1131,3.669064748201439,0,0,62,0.0,0.0
2300,1118,2.44260941370768,0,0,62,0.0,0.0
2302,1125,1.1301020408163265,0,0,62,0.0,0.0
2306,1122,2.711650485436893,1,0,62,0.0,0.0
2307,1148,1.0,109,0,31,0.0,2.4640738273034152e-23
2307,1178,1.0,0,0,62,0.0,0.0
2308,1133,1.0,43,22,62,0.0001454097149686,0.0
2314,1126,1.0,0,0,62,0.0,0.0
2318,1129,1.0,0,0,62,0.0,0.0
2321,1132,1.0,0,0,62,0.0,0.0
2322,1134,1.0328992460589446,0,0,62,0.0,0.0
2325,1140,1.0,0,0,62,0.0,0.0
2325,1150,1.0,0,0,62,0.0,0.0
2327,1131,1.4868804664723032,0,0,62,0.0,0.0
2328,1137,1.028191072826938,0,0,62,0.0,0.0
2331,1128,2.8677884615384617,0,0,62,0.0,0.0
2332,1128,1.6297814207650274,0,0,62,0.0,0.0
2334,1130,3.0453172205438066,0,0,62,0.0,0.0
2334,1135,1.0,0,0,62,0.0,0.0
2334,1141,1.0,0,0,62,0.0,0.0
2336,1146,1.0,0,0,62,0.0,0.0
2339,1139,1.2653465346534654,0,0,62,0.0,0.0
2339,1147,9.198776758409783,0,0,62,0.0,0.0
2340,1145,11.25974025974026,0,0,62,0.0,0.0
2343,1149,5.862745098039215,0,0,62,0.0,0.0
2348,1142,1.3177441540577717,0,0,62,0.0,0.0
2354,1190,1.0,0,0,62,0.0,0.0
2357,1139,5.756756756756757,0,0,62,0.0,0.0
2357,1147,17.18857142857143,0,0,62,0.0,0.0
2358,1144,1.0,1,0,62,0.0,0.0
2358,1151,1.0,0,0,62,0.0,0.0
2360,1160,1.0,61,0,24,0.0,1.4532880514874942e-14
2364,1142,4.583732057416268,0,0,62,0.0,0.0
2364,1155,25.547619047619047,0,0,62,0.0,0.0
2365,1143,1.0,0,0,62,0.0,0.0
2366,1145,1.1223300970873786,2,0,62,0.0,0.0
2367,1154,1.0,79,0,28,0.0,4.1433617331052545e-18
2368,1177,1.0,0,0,62,0.0,0.0
2369,1153,1.0,38,0,20,0.0,0.00047412208409
2373,1157,1.0,0,0,62,0.0,0.0
2373,1158,4.1625,0,0,62,0.0,0.0
2373,1159,1.0,0,0,62,0.0,0.0
2375,1156,1.0,0,0,62,0.0,0.0
2377,1147,1.2424617926476662,0,0,62,0.0,0.0
2379,1165,12.958333333333334,0,0,62,0.0,0.0
2379,1197,1.583166332665331,0,0,62,0.0,0.0
2380,1149,1.2536687631027257,0,0,62,0.0,0.0
2380,1152,1.0,0,0,62,0.0,0.0
2388,1161,1.0,6,0,62,0.0,0.0
2390,1155,1.066600397614314,0,0,62,0.0,0.0
2390,1166,1.3784786641929498,0,0,62,0.0,0.0
2391,1186,9.549738219895287,0,0,62,0.0,0.0
2393,1165,1.106761565836299,0,0,62,0.0,0.0
2393,1185,1.0,0,0,62,0.0,0.0
2400,1162,1.0,0,0,62,0.0,0.0
2400,1170,3.508021390374332,0,0,62,0.0,0.0
2403,1205,1.0,69,0,33,0.0,2.470751663372464e-07
2403,1183,1.0,0,0,62,0.0,0.0
2403,1206,1.0,4,0,62,0.0,0.0
2404,1171,1.0,0,0,62,0.0,0.0
2404,1174,2.4108527131782944,0,0,62,0.0,0.0
2404,1181,1.0,0,0,62,0.0,0.0
2405,1175,1.0,0,0,62,0.0,0.0
2406,1176,2.418791946308725,0,0,62,0.0,0.0
2407,1164,1.0096899224806202,0,0,62,0.0,0.0
2409,1158,1.399159663865546,0,0,62,0.0,0.0
2409,1172,1.0,0,0,62,0.0,0.0
2411,1169,1.5536218250235183,0,0,62,0.0,0.0
2413,1179,3.86,0,0,62,0.0,0.0
2414,1189,4.224,0,0,62,0.0,0.0
2414,1196,1.0,0,0,62,0.0,0.0
2419,1173,1.0,0,0,62,0.0,0.0
2420,1168,1.0,0,0,62,0.0,0.0
2421,1163,1.0,0,0,62,0.0,0.0
2423,1167,1.0,0,0,62,0.0,0.0
2425,1174,1.822265625,0,0,62,0.0,0.0
2434,1180,1.0,0,0,62,0.0,0.0
2434,1192,1.4316546762589928,0,0,62,0.0,0.0
2436,1170,1.4370208105147864,0,0,62,0.0,0.0
2438,1187,1.0,53,24,62,4.634822098255034e-05,0.0
2438,1166,4.150837988826815,0,0,62,0.0,0.0
2441,1169,2.8897637795275597,0,0,62,0.0,0.0
2442,1186,1.192156862745098,0,0,62,0.0,0.0
2442,1188,1.0,0,0,62,0.0,0.0
2442,1195,27.755102040816325,0,0,62,0.0,0.0
2445,1176,1.7718780727630286,0,0,62,0.0,0.0
2449,1179,1.426610348468849,0,0,62,0.0,0.0
2449,1193,16.99019607843137,0,0,62,0.0,0.0
2450,1198,1.0,0,0,62,0.0,0.0
2452,1182,1.0,0,0,62,0.0,0.0
2452,1194,1.0,0,0,62,0.0,0.0
2452,1200,1.0,0,0,62,0.0,0.0
2456,1215,1.0499479708636836,2,0,62,0.0,0.0
2457,1184,1.0,0,0,62,0.0,0.0
2457,1186,33.77777777777778,0,0,62,0.0,0.0
2457,1195,1.0616705698672912,0,0,62,0.0,0.0
2461,1191,1.0,53,0,27,0.0,0.0107284999930223
2463,1197,2.915129151291513,0,0,62,0.0,0.0
2466,1201,1.0,0,0,62,0.0,0.0
2467,1207,1.0,0,0,62,0.0,0.0
2470,1209,1.0,0,0,62,0.0,0.0
2470,1210,1.0,0,0,62,0.0,0.0
2470,1221,1.7417127071823204,0,0,62,0.0,0.0
2471,1199,1.003154574132492,0,0,62,0.0,0.0
2472,1214,1.0,37,0,36,0.0,6.383119068140794e-12
2475,1189,1.3785900783289815,0,0,62,0.0,0.0
2476,1208,1.0,0,0,62,0.0,0.0
2478,1193,1.0996192893401016,0,0,62,0.0,0.0
2480,1202,1.0,0,0,62,0.0,0.0
2482,1204,1.00187617260788,0,0,62,0.0,0.0
2484,1192,3.816438356164384,0,0,62,0.0,0.0
2485,1203,1.0,0,0,62,0.0,0.0
2485,1217,1.7034358047016276,0,0,62,0.0,0.0
2488,1212,1.0,1,0,62,0.0,0.0
2491,1213,1.0,0,0,62,0.0,0.0
2491,1218,1.0,0,0,62,0.0,0.0
2491,1219,1.0,0,0,62,0.0,0.0
2496,1211,1.0,0,0,62,0.0,0.0
2496,1238,2.227272727272727,0,0,62,0.0,0.0
2500,1224,1.0,0,0,62,0.0,0.0
2505,1220,1.0,3,0,62,0.0,0.0
2507,1216,1.0,0,0,62,0.0,0.0
2508,1229,1.0,0,0,62,0.0,0.0
2509,1217,2.5390835579514826,0,0,62,0.0,0.0
2509,1222,1.0,0,0,62,0.0,0.0
2514,1233,1.0,112,28,62,3.238012565831308e-09,0.0
2517,1225,1.3135656041512231,0,0,62,0.0,0.0
2519,1223,1.0033875338753389,0,0,62,0.0,0.0
2519,1231,1.0,0,0,62,0.0,0.0
2519,1243,1.038200339558574,0,0,62,0.0,0.0
2520,1226,1.0,0,0,62,0.0,0.0
2521,1230,1.0,0,0,62,0.0,0.0
2521,1252,18.699029126213592,0,0,62,0.0,0.0
2525,1232,1.2296730930427493,0,0,62,0.0,0.0
2528,1225,4.70026525198939,0,0,62,0.0,0.0
2528,1232,6.323275862068965,0,0,62,0.0,0.0
2532,1221,2.516966067864272,0,0,62,0.0,0.0
2533,1227,1.0072501294665976,0,0,62,0.0,0.0
2533,1234,1.0,0,0,62,0.0,0.0
2533,1236,1.0,0,0,62,0.0,0.0
2533,1237,1.0,0,0,62,0.0,0.0
2533,1244,3.726495726495727,0,0,62,0.0,0.0
2537,1242,1.5078947368421052,0,0,62,0.0,0.0
2537,1254,8.059360730593607,0,0,62,0.0,0.0
2541,1240,1.0,0,0,62,0.0,0.0
2541,1247,1.0,0,0,62,0.0,0.0
2541,1251,6.466666666666667,0,0,62,0.0,0.0
2541,1259,1.0,0,0,62,0.0,0.0
2542,1228,1.0731046931407942,0,0,62,0.0,0.0
2542,1244,1.4630872483221478,0,0,62,0.0,0.0
2547,1246,1.0,0,0,62,0.0,0.0
2551,1239,1.0,0,0,62,0.0,0.0
2551,1241,9.993150684931509,0,0,62,0.0,0.0
2552,1235,1.0,9,0,62,0.0,0.0
2554,1241,1.1201535508637237,0,0,62,0.0,0.0
2560,1249,1.0,0,0,62,0.0,0.0
2562,1245,1.0,0,0,62,0.0,0.0
2565,1250,1.0,0,0,62,0.0,0.0
2565,1252,1.0717863105175292,0,0,62,0.0,0.0
2566,1238,1.9458483754512637,0,0,62,0.0,0.0
2566,1258,2.6658163265306123,0,0,62,0.0,0.0
2575,1251,1.226554267650158,0,0,62,0.0,0.0
2575,1256,1.0,0,0,62,0.0,0.0
2575,1257,1.0,0,0,62,0.0,0.0
2578,1248,1.0,0,0,62,0.0,0.0
2581,1255,1.0,0,0,62,0.0,0.0
2581,1262,1.0,0,0,62,0.0,0.0
2583,1260,29.514851485148515,0,0,62,0.0,0.0
2586,1253,1.0,0,0,62,0.0,0.0
2588,1264,1.0,0,0,62,0.0,0.0
2589,1268,4.313868613138686,0,0,62,0.0,0.0
2592,1261,1.0,0,0,62,0.0,0.0
2598,1254,1.159658344283837,0,0,62,0.0,0.0
2601,1258,1.667996807661612,0,0,62,0.0,0.0
2601,1266,1.0,0,0,62,0.0,0.0
2601,1283,1.0,0,0,62,0.0,0.0
2604,1260,1.0570921985815602,0,0,62,0.0,0.0
2611,1263,1.0,0,0,62,0.0,0.0
2613,1268,1.329284750337382,0,0,62,0.0,0.0
2618,1272,1.0,0,0,62,0.0,0.0
2619,1278,1.0,0,0,62,0.0,0.0
2619,1292,18.40909090909091,0,0,62,0.0,0.0
2620,1282,1.0862230552952203,0,0,62,0.0,0.0
2622,1269,2.0,0,0,62,0.0,0.0
2624,1271,1.0,0,0,62,0.0,0.0
2628,1265,1.0,0,0,62,0.0,0.0
2628,1280,2.601542416452442,0,0,62,0.0,0.0
2629,1273,1.0,0,0,62,0.0,0.0
2629,1274,1.0,0,0,62,0.0,0.0
2633,1267,1.0,0,0,62,0.0,0.0
2635,1297,1.0,0,0,62,0.0,0.0
2636,1270,1.2294736842105265,0,0,62,0.0,0.0
2636,1298,1.0,0,0,62,0.0,0.0
2636,1307,1.9656019656019657,0,0,62,0.0,0.0
2637,1291,2.331908831908832,0,0,62,0.0,0.0
2639,1276,1.0,0,0,62,0.0,0.0
2641,1270,5.615384615384615,0,0,62,0.0,0.0
2641,1281,1.0,0,0,62,0.0,0.0
2645,1269,2.0989399293286217,0,0,62,0.0,0.0
2645,1277,1.0,0,0,62,0.0,0.0
2647,1289,1.0,0,0,62,0.0,0.0
2648,1288,1.0,0,0,62,0.0,0.0
2651,1279,1.0,0,0,62,0.0,0.0
2654,1294,6.848484848484849,0,0,62,0.0,0.0
2654,1300,1.975567190226876,0,0,62,0.0,0.0
2655,1280,1.7094594594594594,0,0,62,0.0,0.0
2655,1284,1.0,0,0,62,0.0,0.0
2655,1293,1.0,0,0,62,0.0,0.0
2656,1285,1.629600626468285,0,0,62,0.0,0.0
2657,1294,3.19811320754717,0,0,62,0.0,0.0
2658,1275,1.0159090909090909,0,0,62,0.0,0.0
2658,1286,1.298342541436464,0,0,62,0.0,0.0
2665,1287,1.0,0,0,62,0.0,0.0
2665,1299,2.9364754098360657,0,0,62,0.0,0.0
2669,1286,5.340909090909091,0,0,62,0.0,0.0
2669,1290,1.0,0,0,62,0.0,0.0
2669,1295,1.796812749003984,0,0,62,0.0,0.0
2669,1301,4.830265848670757,0,0,62,0.0,0.0
2672,1303,1.0,0,0,62,0.0,0.0
2672,1308,8.075,0,0,62,0.0,0.0
2672,1310,1.0,0,0,62,0.0,0.0
2672,1316,1.0,0,0,62,0.0,0.0
2672,1321,1.0,0,0,62,0.0,0.0
2674,1285,2.713168187744459,0,0,62,0.0,0.0
2674,1291,1.8310961968680088,0,0,62,0.0,0.0
2674,1306,39.0,0,0,62,0.0,0.0
2676,1296,1.0145631067961165,0,0,62,0.0,0.0
2677,1292,1.081441922563418,0,0,62,0.0,0.0
2677,1305,1.0,0,0,62,0.0,0.0
2683,1317,1.5855263157894737,0,0,62,0.0,0.0
2692,1294,2.073394495412844,0,0,62,0.0,0.0
2692,1300,2.67612293144208,0,0,62,0.0,0.0
2694,1318,6.291095890410959,0,0,62,0.0,0.0
2695,1295,2.5480225988700567,0,0,62,0.0,0.0
2695,1301,1.2942465753424657,0,0,62,0.0,0.0
2695,1302,1.0,0,0,62,0.0,0.0
2695,1309,1.425,0,0,62,0.0,0.0
2695,1314,2.0612582781456954,0,0,62,0.0,0.0
2697,1308,1.2007434944237918,0,0,62,0.0,0.0
2698,1299,1.611923509561305,0,0,62,0.0,0.0
2702,1311,1.0,0,0,62,0.0,0.0
2702,1328,1.1225740551583248,0,0,62,0.0,0.0
2702,1329,1.0,0,0,62,0.0,0.0
2703,1313,1.0,0,0,62,0.0,0.0
2703,1315,1.0,0,0,62,0.0,0.0
2704,1307,2.2792022792022792,0,0,62,0.0,0.0
2704,1319,89.36363636363636,0,0,62,0.0,0.0
2710,1304,1.0,0,0,62,0.0,0.0
2713,1306,1.0406607369758576,0,0,62,0.0,0.0
2716,1331,7.858638743455497,0,0,62,0.0,0.0
2717,1312,1.0,0,0,62,0.0,0.0
2720,1318,2.75,0,0,62,0.0,0.0
2726,1326,2.7665289256198347,0,0,62,0.0,0.0
2728,1309,3.683673469387755,0,0,62,0.0,0.0
2728,1314,11.745283018867925,0,0,62,0.0,0.0
2728,1318,2.7214814814814816,0,0,62,0.0,0.0
2728,1322,1.0,0,0,62,0.0,0.0
2730,1307,160.0,0,0,62,0.0,0.0
2730,1319,8.12396694214876,0,0,62,0.0,0.0
2734,1353,2.050943396226415,0,0,62,0.0,0.0
2737,1317,3.1298701298701297,0,0,62,0.0,0.0
2738,1319,1.1871980676328502,0,0,62,0.0,0.0
2738,1324,1.0,0,0,62,0.0,0.0
2743,1320,1.0,0,0,62,0.0,0.0
2745,1314,2.58298755186722,0,0,62,0.0,0.0
2749,1331,1.1781789638932496,0,0,62,0.0,0.0
2750,1325,1.0,0,0,62,0.0,0.0
2750,1330,7.18,0,0,62,0.0,0.0
2755,1323,1.0,0,0,62,0.0,0.0
2756,1318,14.57936507936508,0,0,62,0.0,0.0
2761,1332,5.303921568627451,0,0,62,0.0,0.0
2762,1327,1.0,0,0,62,0.0,0.0
2764,1326,1.6429447852760737,0,0,62,0.0,0.0
2767,1335,1.0,2,0,62,0.0,0.0
2769,1334,1.0,0,0,62,0.0,0.0
2773,1333,1.1003307607497244,0,0,62,0.0,0.0
2774,1336,28.857142857142858,0,0,62,0.0,0.0
2774,1337,1.0,0,0,62,0.0,0.0
2774,1341,7.475177304964539,0,0,62,0.0,0.0
2777,1330,1.2867383512544803,0,0,62,0.0,0.0
2780,1332,1.2542503863987635,0,0,62,0.0,0.0
2780,1336,26.933333333333334,0,0,62,0.0,0.0
2780,1346,1.0,0,0,62,0.0,0.0
2786,1336,1.126917712691771,0,0,62,0.0,0.0
2796,1339,1.0,0,0,62,0.0,0.0
2798,1340,2.59805510534846,0,0,62,0.0,0.0
2804,1348,1.0082918739635158,0,0,62,0.0,0.0
2820,1341,1.1816143497757847,0,0,62,0.0,0.0
2821,1342,1.0,0,0,62,0.0,0.0
2825,1340,1.7107790821771611,0,0,62,0.0,0.0
2827,1343,1.0,0,0,62,0.0,0.0
2827,1345,2.048665620094192,0,0,62,0.0,0.0
2828,1345,2.048665620094192,0,0,62,0.0,0.0
2829,1347,1.0,0,0,62,0.0,0.0
2832,1344,1.04047976011994,0,0,62,0.0,0.0
2839,1349,1.0,0,0,62,0.0,0.0
2839,1350,1.0,0,0,62,0.0,0.0
2839,1352,1.0,0,0,62,0.0,0.0
2840,1351,1.0,0,0,62,0.0,0.0
2850,1358,1.422872340425532,0,0,62,0.0,0.0
2850,1360,3.1587301587301586,0,0,62,0.0,0.0
2862,1354,1.0,0,0,62,0.0,0.0
2875,1357,1.0,0,0,62,0.0,0.0
2876,1358,4.28,0,0,62,0.0,0.0
2876,1360,1.8312883435582823,0,0,62,0.0,0.0
2877,1356,1.0,0,0,62,0.0,0.0
2884,1355,1.0,0,0,62,0.0,0.0
2884,1359,1.0,0,0,62,0.0,0.0
2903,1362,1.7421875,0,0,62,0.0,0.0
2917,1363,1.0,0,0,62,0.0,0.0
2919,1364,1.0,0,0,62,0.0,0.0
