ndimage_cellID,inside_hull,eccentricity
1,False,-0.0
2,True,250.00199999200007
3,True,156.0
4,True,127.0
5,True,231.03679360655957
6,True,288.0
7,True,307.0
8,True,226.0
9,True,246.0
10,True,500.0639959045242
11,True,497.32584891597986
12,True,281.04448046528154
13,True,502.0
14,True,318.3535770177555
15,True,427.0
16,True,340.649379861464
17,True,392.0
18,True,372.3022965279693
19,True,595.0
20,True,417.0
21,True,184.5453873712372
22,True,599.0
23,True,522.1618523025212
24,True,525.0
25,True,561.0
26,True,255.87692353942353
27,True,504.60776846972936
28,True,177.05366418123066
29,True,535.4409397870133
30,True,406.69644699702013
31,True,833.0
32,True,200.82081565415473
33,True,664.2175848319586
34,True,210.6418761785035
35,True,235.26155657055403
36,True,68.8839603971781
37,True,658.0
38,True,668.6890159109838
39,True,570.4778698599973
40,True,468.8027303674756
41,True,739.0
42,True,234.3608329051593
43,True,211.74040710265956
44,True,814.0
45,True,851.9870891040545
46,True,394.3665807342199
47,True,774.9819352733326
48,True,752.6938288573914
49,True,870.4188646852732
50,True,834.5393939173872
51,True,959.2085279020407
52,True,572.8568756679106
53,True,1063.9309188100513
54,True,901.940685411186
55,True,762.0616772939052
56,True,880.6571410032396
57,True,568.5076956383265
58,True,202.20039564748632
59,True,163.97560794215707
60,True,960.0
61,True,1015.0
62,True,150.94369811290565
63,True,325.16149833582693
64,True,840.0976133759696
65,True,992.3633407175015
66,True,678.5609773631254
67,True,1081.0
68,True,630.1269713319689
69,True,1016.0875946492015
70,True,1117.1647148026113
71,True,411.0012165432117
72,True,1054.5416065760517
73,True,432.7597485903697
74,True,1089.4815280673647
75,True,772.8939125132246
76,True,1136.6908110827676
77,True,193.59752064528098
78,True,1166.6520475274538
79,True,1154.0
80,True,1168.6847307978317
81,True,289.4995682207488
82,True,1163.7224755069396
83,True,619.0218089857578
84,True,1061.9703385688322
85,True,1224.0
86,True,1189.0
87,True,1218.334108526885
88,True,970.5405710221495
89,True,96.79876032264049
90,True,944.1038078516578
91,True,1214.2573862241893
92,True,858.1515017757646
93,True,1240.0
94,True,1049.8118879113533
95,True,1260.4320687764177
96,True,1263.1013419357926
97,True,940.1494562036399
98,True,1301.9604448676619
99,True,1300.0
100,True,988.3612699817816
101,True,1303.8297434864724
102,True,242.404620418011
103,True,1376.2227290667743
104,True,656.9048637359903
105,True,1388.0
106,True,1391.0
107,True,1327.1190602202953
108,True,1230.6603918222117
109,True,1349.0
110,True,969.5612409744936
111,True,1395.0
112,True,1160.2241162809883
113,True,1218.6656637486756
114,True,1355.0
115,True,817.3181754983796
116,True,1418.0
117,True,595.0
118,True,1421.059463921197
119,True,490.1683384307885
120,True,1067.5626445319263
121,True,1351.7492370998402
122,True,1385.3880322855398
123,True,1451.0
124,True,437.14757233684827
125,True,1429.0
126,True,333.3976604596979
127,True,1500.0
128,True,180.01388835309348
129,True,1349.4758241628488
130,True,161.47135968957468
131,True,1179.2476415070755
132,True,1405.957680728691
133,True,1266.9112044654116
134,True,1485.538622857043
135,True,1029.315306405185
136,True,1530.0735276449952
137,True,879.477117382823
138,True,822.5387528864521
139,True,1398.3708377966125
140,True,1479.137586568606
141,True,1259.2855117089214
142,True,1455.0
143,True,686.0029154456998
144,True,839.793426980707
145,True,1568.1103277512077
146,True,1364.4705933071625
147,True,1319.4695904036591
148,True,993.7092129994569
149,True,1541.0
150,True,1356.0567834718427
151,True,1587.633458957073
152,True,1554.7620396703799
153,True,1561.1844862155144
154,True,1559.8015899466188
155,True,1710.7904605766307
156,True,1387.913902228809
157,True,1730.115603073968
158,True,1634.2147961635887
159,True,399.6248240537617
160,True,806.1228194264197
161,True,1170.9897523035802
162,True,1621.0
163,True,374.22586762542215
164,True,1599.0
165,True,1539.847070328739
166,True,514.979611246892
167,True,1596.7830159417404
168,True,1585.0
169,True,1630.3143868591726
170,True,1506.38009811601
171,True,1613.6071393000218
172,True,1195.9239106230798
173,True,1451.8488213309263
174,True,1772.0
175,True,1519.3120153543182
176,True,1642.2387158997317
177,True,610.3539956451501
178,True,1204.4334767848327
179,True,1721.1162075815798
180,True,1679.0
181,True,1774.0
182,True,328.4341638745884
183,True,652.1134870557424
184,True,1390.8134310539283
185,True,1690.7998107404674
186,True,763.0943585166909
187,True,1431.257489063376
188,True,1920.426254767415
189,True,1369.6222106843916
190,True,1190.2310700027956
191,True,1718.3067246565731
192,True,1473.4208495877883
193,True,976.5264973363498
194,True,1468.517619914722
195,True,181.39735389470266
196,True,1726.083717552541
197,True,1662.9064916585057
198,True,1300.8743213700545
199,True,1698.7583701044714
200,True,1539.317056359735
201,True,1121.630955350288
202,True,1806.8680084610496
203,True,160.51479682571323
204,True,1854.0
205,True,1068.2190786538124
206,True,645.6454135204555
207,True,153.63918770938616
208,True,1772.716841461151
209,True,1820.3082156601943
210,True,1788.57317434876
211,True,1501.6993707130598
212,True,1525.1681874468795
213,True,1815.0176307683626
214,True,1063.9760335646663
215,True,1242.5542241689093
216,True,1831.1376245383633
217,True,1672.674804019
218,True,1656.68494289047
219,True,1939.058018729713
220,True,908.8525733032833
221,True,353.0580688781946
222,True,1894.525006433011
223,True,1777.5764399878842
224,True,1543.7541902777139
225,True,1009.0218035305282
226,True,876.1900478777421
227,True,1470.8718502983188
228,True,672.0900237319403
229,True,565.4095860524475
230,True,389.7717280665698
231,True,793.9452122155533
232,True,1711.1195165738716
233,True,1987.9046757830215
234,True,1662.9687309146857
235,True,2089.9497601617127
236,True,1991.7555070841402
237,True,1080.4119584676948
238,True,889.5493240961965
239,True,1975.5872544638466
240,True,1964.001018329675
241,True,580.0448258540024
242,True,1038.568726661842
243,True,2042.3525650582467
244,True,1257.4617290398942
245,True,1017.3912718320322
246,True,1963.0206315777732
247,True,1198.941199559011
248,True,175.50498568416796
249,True,2016.595398189731
250,True,1352.482532234705
251,True,1998.0422918446948
252,True,839.8392703368901
253,True,1128.4737480331564
254,True,1689.800284057261
255,True,1053.2160272232852
256,True,1460.0743131772438
257,True,1824.5133597756965
258,True,1366.3443928966078
259,True,1723.097791769231
260,True,1918.8092661856729
261,True,1342.4905958702282
262,True,1120.22363838655
263,True,2073.0060298995754
264,True,1170.0106837119054
265,True,776.7786042367542
266,True,1604.72926065427
267,True,2176.2208068116615
268,True,1670.6465814169076
269,True,1533.58175523837
270,True,1045.4764464109176
271,True,2198.191301957134
272,True,1773.5162812897997
273,True,1849.5669763487886
274,True,2123.9383230216454
275,True,381.2741795611132
276,True,2325.5592875693364
277,True,546.0036629913759
278,True,1625.5266838781822
279,True,1019.8416543758153
280,True,2112.9694744600547
281,True,770.7301732772631
282,True,2136.293285108578
283,True,1685.1044478013819
284,True,2055.689665294837
285,True,1763.9648522575499
286,True,465.98390530145997
287,True,1316.6856116780498
288,True,1269.2694749343025
289,True,2017.1080784132514
290,True,2452.431446544429
291,True,2287.598303898654
292,True,2099.4856512965266
293,True,2214.55593742854
294,True,2195.6459186307798
295,True,1841.1328034663877
296,True,1580.4850521279852
297,True,1731.2943135122925
298,True,742.5106059848573
299,True,1975.006329103783
300,True,916.1577375103045
301,True,2370.041349850251
302,True,1351.6042320146826
303,True,2266.5156077115375
304,True,2362.0933512458814
305,True,2349.8016937605607
306,True,1899.5233612672416
307,True,1869.5678645077317
308,True,2110.4487674426023
309,True,1093.0018298246348
310,True,2326.023430664446
311,True,520.5247352431967
312,True,891.1458915351627
313,True,805.5463984153861
314,True,2294.0656049904064
315,True,2235.921510250304
316,True,1598.1501806776482
317,True,1085.654180667122
318,True,1135.3563317302635
319,True,266.58019431308094
320,True,2213.0253048711397
321,True,2323.555250042486
322,True,1987.7436957515424
323,True,996.8876566594653
324,True,1423.4103413984317
325,True,1681.8109287312886
326,True,1969.71063864721
327,True,2086.770710931127
328,True,2392.587093503599
329,True,512.9571132170797
330,True,1883.469670581398
331,True,2459.4165974881116
332,True,1262.8935030318273
333,True,2550.0
334,True,1579.0839116399102
335,True,2395.754995820733
336,True,2460.2416547973494
337,True,1020.1494988480855
338,True,2117.9464110312138
339,True,2457.0073259964042
340,True,2204.623550631717
341,True,2620.3085696154185
342,True,1574.2744360498268
343,True,2575.0497082580755
344,True,1709.7765935934437
345,True,1772.198916600504
346,True,832.281803237341
347,True,1555.865354071489
348,True,1122.6575613249126
349,True,1854.193085954103
350,True,1342.5189011704826
351,True,2308.679276123039
352,True,2178.1967312435304
353,True,1627.9855650465702
354,True,1249.3390252449492
355,True,2064.476931331518
356,True,2369.8675068450557
357,True,2463.61117061926
358,True,2034.0860355452028
359,True,2828.7631572827017
360,True,788.7287239602726
361,True,1015.8981248137039
362,True,920.5460336126597
363,True,1111.1728038428587
364,True,2638.350431614421
365,True,2594.3902944622655
366,True,2552.3655694277027
367,True,2680.2156629644564
368,True,1844.8352229941838
369,True,1464.2831010429643
370,True,831.7908390935788
371,True,191.25375813301028
372,True,2783.0007186488474
373,True,2626.3101492398036
374,True,1877.791521974684
375,True,2689.633804070733
376,True,1253.871604272144
377,True,2530.976293843939
378,True,1226.5157968815568
379,True,2144.600895271659
380,True,2585.7921416850195
381,True,2712.0
382,True,1962.553948303078
383,True,2584.6845068595894
384,True,818.0073349304394
385,True,2887.0
386,True,2259.780962836885
387,True,2615.8765261380363
388,True,1765.0070821387658
389,True,2663.3559656944094
390,True,1666.7717300218408
391,True,1017.9395856336465
392,True,1165.835751724916
393,True,2432.013569041094
394,True,1481.2602742259714
395,True,2218.8433924006445
396,True,615.9691550719078
397,True,2057.5823191308773
398,True,1682.7507242607267
399,True,738.4145177337726
400,True,2339.8401654813947
401,True,2822.5038529645976
402,True,1532.1060668243567
403,True,997.0847506606447
404,True,2845.697454052345
405,True,2150.8447177795056
406,True,2931.1567682401433
407,True,1444.4601067526926
408,True,1029.0213797584577
409,True,210.01190442448734
410,True,1242.758624995216
411,True,1090.417351292614
412,True,2571.475840835375
413,True,2830.9157528969313
414,True,1326.3310295699184
415,True,2273.3222384871
416,True,1908.606035828243
417,True,477.29760108343305
418,True,297.99496640044106
419,True,2803.0884752358425
420,True,2118.1305436634448
421,True,1958.2160248552764
422,True,2898.0015527946152
423,True,1665.2651440536429
424,True,1911.1695372205993
425,True,1029.351737745655
426,True,2402.3165902936275
427,True,2698.254621046724
428,True,1500.966355385756
429,True,693.6807623107333
430,True,110.42191811411355
431,True,1369.835756578138
432,True,872.4047225915275
433,True,2952.0570793939605
434,True,3005.227778388853
435,True,1161.4490948810455
436,True,1503.3712116440172
437,True,3105.2028919218787
438,True,2583.1602737731937
439,True,1816.2048342629198
440,True,2406.7210058500755
441,True,1032.2988908257144
442,True,2692.3114604369234
443,True,2167.164276191355
444,True,950.6555632825172
445,True,1941.2861715883107
446,True,266.8107943843352
447,True,3013.520532533336
448,True,1175.925167687128
449,True,2983.9070025722986
450,True,1307.042462967443
451,True,2265.3586912451633
452,True,3069.118766030406
453,True,1231.9626617718575
454,True,588.8633118135311
455,True,2726.6510594500355
456,True,3077.621484198471
457,True,489.004089962446
458,True,1059.0812055739636
459,True,120.80149005703531
460,True,1811.3580540577834
461,True,3104.5606774550242
462,True,2998.41975046857
463,True,2473.0746046166905
464,True,3225.9190938397696
465,True,3156.0
466,True,2390.6946689194756
467,True,2930.481189156484
468,True,3229.6405372734594
469,True,1609.2557285900834
470,True,1433.7817128140532
471,True,1860.555024717087
472,True,3170.0001577287026
473,True,935.3598238111364
474,True,2610.4566650300862
475,True,3318.0
476,True,2884.0849502051774
477,True,1306.096857051574
478,True,770.7788269017254
479,True,317.47283348343365
480,True,2722.5594575692926
481,True,3149.0368368756817
482,True,2627.946917272113
483,True,1069.7981117949312
484,True,3044.3537902155854
485,True,3259.545980654361
486,True,3138.5426554373926
487,True,1193.0318520475469
488,True,3233.9551635729276
489,True,3231.990253698176
490,True,1296.1612553999598
491,True,3001.165273689538
492,True,2705.7207912125746
493,True,2996.2518251976085
494,True,1558.5201314067137
495,True,1523.7194623683192
496,True,3312.794590674164
497,True,3347.0095607870617
498,True,3439.272597512445
499,True,2831.180849045147
500,True,3183.0001570845075
501,True,2223.627891532214
502,True,2399.101915300807
503,True,3400.3793905974667
504,True,3398.0
505,True,1283.7227114918549
506,True,1041.0019212278141
507,True,3068.834632234197
508,True,2407.327356218925
509,True,2184.0203753628307
510,True,1852.1004292424318
511,True,3051.51192034375
512,True,3443.4902352119425
513,True,3514.154948205898
514,True,997.0005015043874
515,True,1157.933504135708
516,True,2014.1504412530858
517,True,2063.0959745004593
518,True,1761.1411073505724
519,True,813.203541556479
520,True,3379.6641845011764
521,True,1391.7603960452388
522,True,2311.96128860325
523,True,1915.3112018677277
524,True,665.1954599965336
525,True,2673.4242087629864
526,True,3290.437356948161
527,True,1265.6164505884078
528,True,1129.73846530956
529,True,3262.195886209165
530,True,838.4658609627467
531,True,804.8012176929158
532,True,2613.8946038430854
533,True,226.05530296810116
534,True,3444.3886249957336
535,True,3528.1451217318145
536,True,819.088517805005
537,True,2818.6601426919137
538,True,105.43718509140881
539,True,1424.5634419007108
540,True,3415.185060871519
541,True,3087.0751529562735
542,True,2088.347193356507
543,True,597.1641315417395
544,True,2260.9962405983783
545,True,3051.9308642235
546,True,1630.4898037093026
547,True,2489.8371432686113
548,True,3539.0090420907377
549,True,3618.3881770755333
550,True,3158.0227991577262
551,True,1225.676139932568
552,True,3608.023420101372
553,True,2941.9287890769892
554,True,2698.2270104644645
555,True,298.73901653449957
556,True,3599.1235044104837
557,True,3600.0799991111307
558,True,3266.5838424874387
559,True,1393.2594876762907
560,True,1935.4710021077558
561,True,3656.3897494659946
562,True,972.0545252196504
563,True,1654.0172308655071
564,True,914.9453535594353
565,True,566.5165487432826
566,True,1576.7016204723075
567,True,3590.1609991753853
568,True,1087.9788600887427
569,True,3755.8000479258744
570,True,3034.456293967669
571,True,2604.145925250734
572,True,3634.1498318038566
573,True,772.3535459878461
574,True,2423.2131561214337
575,True,2428.388148546274
576,True,3294.59754750106
577,True,3905.0865547385756
578,True,1379.3929824382897
579,True,2733.209468738172
580,True,3416.278238083075
581,True,1404.6017229093804
582,True,2886.5787707942427
583,True,2910.966334398253
584,True,1749.4376239237567
585,True,572.4334022399462
586,True,1555.389661788968
587,True,3317.753758192431
588,True,1078.4006676555796
589,True,3840.423023574356
590,True,3658.350721295048
591,True,988.0005060727449
592,True,3804.408232563903
593,True,3687.3954222458974
594,True,3535.7778493564892
595,True,1789.821220122278
596,True,3692.252022817511
597,True,3104.9085332743703
598,True,3852.0
599,True,3078.031838691731
600,True,905.5749554840836
601,True,1005.0691518497621
602,True,3647.9924616150183
603,True,3195.472422037155
604,True,1281.1483130379559
605,True,1115.600286841125
606,True,3892.2487073669895
607,True,3797.205814806461
608,True,2218.7304928719936
609,True,3497.6703675446606
610,True,2767.0814950051617
611,True,3527.7506998085905
612,True,3856.1789377569085
613,True,1988.5899527051824
614,True,2271.2765133290136
615,True,1970.3695084932674
616,True,1699.3657640425736
617,True,1628.6000122804862
618,True,3436.419648413156
619,True,1499.6362892381605
620,True,2653.8971344044216
621,True,1202.5057172421261
622,True,1087.7559468925003
623,True,195.88006534611938
624,True,939.2449094884678
625,True,3569.5765855350405
626,True,1315.6937333589456
627,True,3325.9291934736075
628,True,802.857397051307
629,True,3825.88290463783
630,True,2788.8544243111724
631,True,3625.3477074620027
632,True,3448.703234550633
633,True,2386.4282934963708
634,True,2538.7004549572207
635,True,1094.371966015212
636,True,2339.326612510532
637,True,3783.66872228529
638,True,942.2573958319457
639,True,2284.554223475556
640,True,2751.554106318827
641,True,1015.1970252123476
642,True,3258.964559488182
643,True,3880.3538498441094
644,True,4113.939717594316
645,True,1224.4317049145698
646,True,1774.1862923605288
647,True,815.7180885575605
648,True,3845.641298925317
649,True,4034.5012083279885
650,True,2685.9400588993044
651,True,2897.638348724699
652,True,2825.539417527209
653,True,3851.525022637137
654,True,3744.1452963259853
655,True,2302.0208513391012
656,True,3969.1945026667563
657,True,3809.5191297590304
658,True,3989.0982690327396
659,True,414.5672442439224
660,True,1835.6679983047043
661,True,4063.270726889854
662,True,3565.4880451349154
663,True,1746.0011454749965
664,True,2929.7293390345803
665,True,2696.055266495848
666,True,3121.763764284543
667,True,546.942410131085
668,True,1499.0013342222214
669,True,2713.982313870155
670,True,1219.5515569257414
671,True,4169.0
672,True,1408.6237964765469
673,True,3154.5536926798377
674,True,623.6096535493979
675,True,4100.000487804849
676,True,858.6763068817027
677,True,3084.6913946130817
678,True,956.590298926348
679,True,1028.1444451048694
680,True,3812.4355732261233
681,True,2393.6954693527746
682,True,691.1222757226104
683,True,1969.6012286754901
684,True,1749.60138317275
685,True,2508.8620926627273
686,True,1319.2740427977806
687,True,2235.444698488424
688,True,238.81373494839028
689,True,2108.690826081434
690,True,4036.8592990095653
691,True,4296.10474732635
692,True,4028.6181253625914
693,True,1619.1386599053214
694,True,4100.592274294044
695,True,2935.409000463138
696,True,4185.136556911853
697,True,4292.650696248182
698,True,3535.1748188738843
699,True,2126.4326935033705
700,True,3216.987566031302
701,True,3804.757548123139
702,True,1673.7897120008834
703,True,3756.3153488491885
704,True,2530.3559038206463
705,True,4084.4246840895476
706,True,4099.415690070964
707,True,563.489130329947
708,True,3530.769887715709
709,True,2433.365159609219
710,True,3874.120545362521
711,True,3620.661265570144
712,True,4250.0
713,True,3940.9628265184133
714,True,4258.227330709341
715,True,1603.7082028848017
716,True,2701.20732266148
717,True,3293.3388832611804
718,True,3594.242618410727
719,True,4318.185266984268
720,True,2037.1887492326282
721,True,1822.8562751901204
722,True,4328.776732519246
723,True,1152.4695223735853
724,True,1546.142619553578
725,True,3280.5880570409936
726,True,4322.791921894923
727,True,2306.0008673025254
728,True,3595.620947764099
729,True,3010.908832894148
730,True,1640.56392743471
731,True,3172.0056746481396
732,True,424.42078177205224
733,True,4077.1698517476557
734,True,3362.728951313204
735,True,2029.4001576820674
736,True,148.64723340849636
737,True,4271.801727608621
738,True,3915.436118748459
739,True,4254.935957214868
740,True,4392.2104913130015
741,True,274.5906043549196
742,True,4429.914333257473
743,True,3062.433672751134
744,True,2355.834459379521
745,True,2665.1575938394335
746,True,1388.1512885849295
747,True,4166.0043206890705
748,True,1958.5402727541755
749,True,733.8671541907295
750,True,4513.958462369807
751,True,1107.4312619752072
752,True,4408.494641031109
753,True,1471.6687806704333
754,True,4094.692784568825
755,True,623.4163937530036
756,True,4549.297198469231
757,True,1767.0597047072292
758,True,4408.006919232319
759,True,2857.1617035092713
760,True,2181.9003185296983
761,True,4529.0
762,True,1040.8347611412678
763,True,1665.007507490582
764,True,4354.715260496374
765,True,4498.9047556044125
766,True,1341.9780177037178
767,True,3535.242565935186
768,True,4489.883071974146
769,True,1994.0476423596303
770,True,4517.535279330976
771,True,4564.1752814719985
772,True,1437.7433707028524
773,True,2567.800031155074
774,True,843.4453153583818
775,True,4618.551829307537
776,True,4295.488330795464
777,True,4143.743717943956
778,True,3941.1899218383273
779,True,3616.9650260957737
780,True,2975.3601462680112
781,True,2232.183012210244
782,True,4173.190865512863
783,True,3901.277995734218
784,True,2927.1081291950936
785,True,1002.6464980241042
786,True,4328.4519172563305
787,True,3362.0780776180673
788,True,2690.3419856962423
789,True,625.2047664565586
790,True,2453.6921159754334
791,True,3343.3505649273457
792,True,1890.386732920013
793,True,4719.015257445138
794,True,3444.23286088499
795,True,3535.3520333907345
796,True,4589.875924248933
797,True,1873.8249651448239
798,True,2432.6783593397627
799,True,3329.897596023037
800,True,1613.5061202239056
801,True,833.1608488161214
802,True,3103.4496934862664
803,True,236.12920192132103
804,True,4696.397023250909
805,True,4579.538186324032
806,True,2203.421430412258
807,True,1395.3064179598687
808,True,2241.4874525635873
809,True,3661.936236473814
810,True,4773.202803150103
811,True,2739.200065712616
812,True,4711.375383048989
813,True,4262.79251195739
814,True,2098.3584059926466
815,True,4863.731078092209
816,True,4651.258969354426
817,True,2129.0544849768407
818,True,3342.138985739522
819,True,4606.768281561381
820,True,3627.5949332856885
821,True,1305.1072752842963
822,True,3870.8496483330373
823,True,4778.858545719888
824,True,3506.577248543086
825,True,1576.1992259863598
826,True,3877.5603154560986
827,True,1928.3075480845891
828,True,3302.599127959674
829,True,4041.1842323754554
830,True,4772.739255396214
831,True,913.2102715147262
832,True,4855.247264558212
833,True,4841.928231603603
834,True,1002.206066635001
835,True,4416.693899287113
836,True,1194.3588238046386
837,True,3101.000644953174
838,True,2670.0505613190176
839,True,1907.0631872069682
840,True,940.8602446697384
841,True,4858.188962977871
842,True,1256.6702033548818
843,True,620.732631653919
844,True,66.64082832618455
845,True,1672.1318727899425
846,True,2362.629467352001
847,True,3751.0751791986254
848,True,689.0471681967788
849,True,4863.032490123832
850,True,2262.922446748894
851,True,4702.082092009879
852,True,4223.219269704096
853,True,4327.019528497647
854,True,4543.791038329117
855,True,4409.699536249607
856,True,2466.7050897908325
857,True,5073.85898503299
858,True,1294.9814670488531
859,True,2989.2515785728037
860,True,803.6429555468026
861,True,2456.4252482011334
862,True,3188.7643374824675
863,True,4937.0
864,True,2644.8213550257037
865,True,4631.34375748551
866,True,4971.965908974034
867,True,4981.658559154772
868,True,4815.540364278966
869,True,2575.7905582558533
870,True,1113.5331158075182
871,True,4807.198768513738
872,True,511.27781097951043
873,True,3640.8159799693253
874,True,5053.601982744585
875,True,4820.927089264055
876,True,1527.2999050612161
877,True,3903.868978334186
878,True,4740.323301210583
879,True,3460.424395937585
880,True,4862.111475480586
881,True,2506.60008776829
882,True,4104.616425440993
883,True,5156.232830274444
884,True,771.4726177901586
885,True,2255.7455530267594
886,True,2866.921694082348
887,True,5150.598508911367
888,True,260.03461308064357
889,True,5212.9883943857
890,True,2875.054782086769
891,True,1008.6748732867296
892,True,4266.586691958808
893,True,1683.7817554540732
894,True,4562.326270664999
895,True,1434.291811313165
896,True,1198.0855562104068
897,True,1836.1089292305073
898,True,1181.5726807945418
899,True,1992.3566447802461
900,True,2966.3678126624823
901,True,4693.352959239269
902,True,5020.573074859084
903,True,5120.189059009443
904,True,3994.1263124743564
905,True,2454.308252848448
906,True,2336.6475985907673
907,True,997.4953633977453
908,True,2657.3432220923214
909,True,4972.058326287011
910,True,5223.964969254675
911,True,1469.1579220764527
912,True,2138.5873842328724
913,True,3685.2085422673167
914,True,3626.5560798090523
915,True,4769.864673132772
916,True,4224.862719663208
917,True,4976.839258003015
918,True,4947.518367828461
919,True,826.9661419913151
920,True,3426.560958161988
921,True,1973.1064340273183
922,True,5040.613553923768
923,True,632.2784196855054
924,True,5227.239137441485
925,True,2261.362863407817
926,True,3774.735619881212
927,True,3427.553354799893
928,True,3170.4468139364835
929,True,2399.7483201369264
930,True,2618.6580532784346
931,True,1691.4283904440058
932,True,1583.2352952104118
933,True,5047.066970033189
934,True,2091.6773173699617
935,True,3770.938477355471
936,True,4370.233861019339
937,True,1456.23658792107
938,True,4038.4712454095793
939,True,831.387394660275
940,True,3734.000535618601
941,True,5147.852464863382
942,True,4908.991851694195
943,True,5298.273869856106
944,True,1334.7673954663412
945,True,5225.777071402874
946,True,4611.903077906126
947,True,5409.591574231829
948,True,4741.269028435319
949,True,1883.006638331368
950,True,3699.3508890074218
951,True,1376.0178051173611
952,True,3668.2971526309043
953,True,2913.4398912625606
954,True,5413.667333702728
955,True,5395.819214910744
956,True,2830.4406017438346
957,True,1556.6878299774814
958,True,5005.582683364645
959,True,2521.696254508064
960,True,3345.9865510787695
961,True,229.17242417009948
962,True,60.63827174318213
963,True,1431.3210681045675
964,True,3292.5904695239583
965,True,3938.4001828153523
966,True,527.8882457490411
967,True,3478.0570725622088
968,True,359.339672176619
969,True,3218.5962778826424
970,True,790.6478356385983
971,True,5526.3366708878675
972,True,5026.404082443034
973,True,5193.277192679012
974,True,1767.6798352642936
975,True,1216.4592060566602
976,True,4490.973725151373
977,True,5318.866138567505
978,True,2639.2167398680995
979,True,3683.3954444235283
980,True,3039.897531167786
981,True,1951.4266576020734
982,True,2280.202841854207
983,True,3979.8327854320714
984,True,3854.5667720251
985,True,5074.596043036332
986,True,4313.068513251325
987,True,4102.499238269277
988,True,4882.245897125626
989,True,5217.866422207452
990,True,3328.137617346975
991,True,1088.600018372221
992,True,5455.439945595589
993,True,1981.1637993866132
994,True,2488.418172253209
995,True,4388.730226386671
996,True,3457.781948012338
997,True,3526.571281003689
998,True,4506.2229194748015
999,True,5523.438240806174
1000,True,1339.0504098053964
1001,True,4223.185764325315
1002,True,5224.767554638196
1003,True,3732.5676149267542
1004,True,3912.700474097142
1005,True,1112.0161869325464
1006,True,5015.9529503375525
1007,True,93.55746896961247
1008,True,5584.074229449318
1009,True,2692.4875115773516
1010,True,511.45478783564045
1011,True,5648.60336720503
1012,True,2243.5030644061976
1013,True,4395.860894068419
1014,True,5561.966738483789
1015,True,4671.56558339921
1016,True,523.3622072714078
1017,True,5406.530125690599
1018,True,1632.190246264203
1019,True,788.8637398182274
1020,True,659.0978683018175
1021,True,5440.065900336134
1022,True,931.2013745694322
1023,True,5619.9040917083275
1024,True,3289.9545589567037
1025,True,1308.5297092538633
1026,True,4599.5222578002595
1027,True,5702.454559222721
1028,True,4241.715926367536
1029,True,1427.9723386676649
1030,True,4939.845544144067
1031,True,1678.721239515364
1032,True,364.3295211755424
1033,True,5471.992781427987
1034,True,5264.3579855477155
1035,True,2291.4556508909354
1036,True,3266.199779560338
1037,True,2857.315173375174
1038,True,2950.2220255431625
1039,True,4842.345299542361
1040,True,4723.143550645057
1041,True,4002.81963120998
1042,True,5273.223113049551
1043,True,4597.6103575662
1044,True,2439.0008200080624
1045,True,4087.102274228038
1046,True,2976.1081969578995
1047,True,5656.042786259665
1048,True,3750.797781805892
1049,True,1851.0715815440526
1050,True,5660.027738447931
1051,True,3594.873154924941
1052,True,1587.4911023372697
1053,True,2569.124559066765
1054,True,4721.186821128772
1055,True,5569.894523238299
1056,True,4473.094007507555
1057,True,5642.273034868128
1058,True,5907.755749859671
1059,True,4030.6140971320983
1060,True,3205.0622458854054
1061,True,2066.0479181277474
1062,True,4411.9171569738255
1063,True,306.44412214953644
1064,True,5705.2162097505125
1065,True,5272.111626284102
1066,True,2886.3198021009384
1067,True,4544.948514559874
1068,True,998.2033860892278
1069,True,783.6000255232257
1070,True,2743.1882910219633
1071,True,4294.950174332643
1072,True,1561.0951284274768
1073,True,5821.928975863584
1074,True,3532.2277672879477
1075,True,1424.5623889461633
1076,True,4882.776361866269
1077,True,4182.076517712224
1078,True,5797.879698648464
1079,True,2525.823628046899
1080,True,1192.4382583597358
1081,True,4455.757286926657
1082,True,2399.268430167829
1083,True,4913.334611035564
1084,True,1816.6433331834844
1085,True,5319.874528595576
1086,True,440.75616841968304
1087,True,3083.0251377502586
1088,True,2212.8122378548073
1089,True,4180.710226743777
1090,True,1396.560417597463
1091,True,3877.2856484917384
1092,True,5695.144686485147
1093,True,4733.285645299679
1094,True,1728.2213399909167
1095,True,2749.264810817612
1096,True,5612.081610240535
1097,True,2142.285928628576
1098,True,5410.700601585713
1099,True,4178.854508115831
1100,True,1954.0117706912617
1101,True,4900.10867226432
1102,True,5924.128374706274
1103,True,2544.124603866721
1104,True,4915.520318338639
1105,True,3624.3069682354444
1106,True,3632.217642157474
1107,True,2953.987982372305
1108,True,3237.1706782312235
1109,True,3413.933947808598
1110,True,5911.333013796465
1111,True,5822.295938888713
1112,True,6013.537062328626
1113,True,3909.1038615007405
1114,True,5105.692901066416
1115,True,5971.301030763731
1116,True,4301.866106702997
1117,True,1633.9039139435342
1118,True,2762.7799405671094
1119,True,6043.49054768848
1120,True,2265.6427344133494
1121,True,2881.4414795376288
1122,True,5807.4257636236725
1123,True,6033.779744074191
1124,True,1855.9183710497614
1125,True,3422.177669262658
1126,True,4728.239630137204
1127,True,1673.2782195438988
1128,True,1866.7110113780334
1129,True,4463.172078242111
1130,True,4415.711154502749
1131,True,4230.520653536631
1132,True,5108.827849908431
1133,True,4687.595225699421
1134,True,5514.836896953527
1135,True,710.6968411355153
1136,True,3291.8520622895558
1137,True,1399.2090622919793
1138,True,2119.798339465337
1139,True,1535.3253726816345
1140,True,5102.027930146992
1141,True,6064.908985302252
1142,True,5774.046241588302
1143,True,4058.5559008100404
1144,True,5093.384042068691
1145,True,5471.8808466559285
1146,True,1182.1641172020068
1147,True,3220.8362268206065
1148,True,228.35936591258962
1149,True,1376.4915546417276
1150,True,5495.568032514929
1151,True,5829.006176013198
1152,True,2361.7529506703277
1153,True,4861.561991788236
1154,True,6162.747763781997
1155,True,899.980555345503
1156,True,5281.072997033842
1157,True,4110.154498312685
1158,True,1853.4403146581224
1159,True,4917.315731168785
1160,True,3455.0480459756272
1161,True,2558.956427921351
1162,True,6175.281855915567
1163,True,5042.002181673467
1164,True,1695.2005781027801
1165,True,5349.07861224716
1166,True,6073.058949162275
1167,True,1155.3977670049394
1168,True,4329.4870365899005
1169,True,3333.442664873659
1170,True,5715.363330532889
1171,True,1543.886330012673
1172,True,3929.8409637032387
1173,True,2143.9706154702776
1174,True,4516.88089282859
1175,True,6220.234400727998
1176,True,5990.814051529224
1177,True,4644.318033899057
1178,True,2870.9639496169225
1179,True,4675.382551193004
1180,True,3217.153555551864
1181,True,4924.803041746949
1182,True,2353.1906000152217
1183,True,5211.560418914857
1184,True,2494.040296386568
1185,True,2406.830280680381
1186,True,3583.5397304899525
1187,True,5647.437029308074
1188,True,5216.358595802248
1189,True,6238.38160102442
1190,True,6098.0787958175815
1191,True,3821.7761577570186
1192,True,2941.514745840993
1193,True,6285.408021759606
1194,True,3912.2793867514115
1195,True,5074.750831321672
1196,True,4837.958247029423
1197,True,3513.7884113873447
1198,True,4839.695961524856
1199,True,4697.648880024985
1200,True,3139.6436103481556
1201,True,5836.480189292173
1202,True,5056.972711019905
1203,True,3740.034892885359
1204,True,5576.94271084077
1205,True,2104.0608356223925
1206,True,5564.982030519056
1207,True,1850.0845926605627
1208,True,1347.9098634552684
1209,True,4810.22088889897
1210,True,1676.298899361328
1211,True,5906.961486246546
1212,True,6192.647333733772
1213,True,238.60008382228202
1214,True,2979.009902635438
1215,True,1479.8260032855214
1216,True,3298.6635172445217
1217,True,5764.79808839824
1218,True,5585.762794820417
1219,True,2543.451591833428
1220,True,4063.994709642226
1221,True,4302.1247076299405
1222,True,1759.3103762554235
1223,True,5559.597827181387
1224,True,5417.805182913095
1225,True,1197.6485294108618
1226,True,2248.408548284764
1227,True,954.0
1228,True,4552.8419695833945
1229,True,4045.0463532572776
1230,True,5297.706107363828
1231,True,1219.423634345341
1232,True,6110.689404641673
1233,True,5101.484097789584
1234,True,5868.64294364549
1235,True,108.18964830333815
1236,True,1922.2395792408395
1237,True,2094.232317580836
1238,True,4161.332599060065
1239,True,4951.568034471505
1240,True,338.0
1241,True,5815.787221004565
1242,True,4685.549060675814
1243,True,2909.4346529867275
1244,True,6376.250387178973
1245,True,4309.526772164201
1246,True,3444.7474508300315
1247,True,6058.20476709066
1248,True,2051.4836094885086
1249,True,1885.106097809882
1250,True,3643.176224120925
1251,True,3156.2168810143576
1252,True,3158.246507161846
1253,True,5936.89245312731
1254,True,841.2015216343822
1255,True,3975.3530660810493
1256,True,1655.8321170940005
1257,True,4511.479801572872
1258,True,5619.261161398356
1259,True,1277.6580137110243
1260,True,4535.187978463517
1261,True,1550.6530882179934
1262,True,537.9117027914525
1263,True,316.6591227171578
1264,True,4508.618635458093
1265,True,3911.520037018857
1266,True,3171.086406895908
1267,True,4773.8597591466805
1268,True,4215.7061093012635
1269,True,4298.581393901946
1270,True,6157.785640958931
1271,True,3393.754558007989
1272,True,5061.316923489379
1273,True,5074.337099562858
1274,True,6257.839004001301
1275,True,6290.7325487577355
1276,True,1140.710305029283
1277,True,2695.0890523320377
1278,True,2413.5819853487474
1279,True,559.0321994304085
1280,True,3889.378485053878
1281,True,5765.100259319
1282,True,3143.6055732232057
1283,True,2144.4470149667955
1284,True,2684.8003650178534
1285,True,1359.3296141848746
1286,True,1817.9020875723752
1287,True,4604.441877144286
1288,True,4500.517414698003
1289,True,736.4136066097639
1290,True,3979.7021245314327
1291,True,2895.929557154317
1292,True,2798.4390291732284
1293,True,6061.204253281686
1294,True,149.26486525636233
1295,True,5361.746823564126
1296,True,4551.620810216949
1297,True,5338.600284718833
1298,True,462.5343230507332
1299,True,4742.202125595239
1300,True,2246.0180319846054
1301,True,6318.882970905538
1302,True,3793.9913020459076
1303,True,3665.2406469425714
1304,True,2431.8260628589373
1305,True,959.4399407987975
1306,True,568.4171003761235
1307,True,6043.117738386371
1308,True,3647.595646449864
1309,True,1183.578472261134
1310,True,2689.785493306111
1311,True,4312.380780960791
1312,True,5040.716714912672
1313,True,1848.0024350633307
1314,True,2138.158085829951
1315,True,1235.2720348166229
1316,True,2961.0403577121338
1317,True,1562.4397588387208
1318,True,6177.521995104509
1319,True,5062.936400943627
1320,True,1855.7858173830298
1321,True,3401.0846799219803
1322,True,313.82319863260585
1323,True,5613.050507522626
1324,True,1356.2123727499318
1325,True,1547.0
1326,True,2010.7225069611172
1327,True,2931.859819295595
1328,True,6341.392985772132
1329,True,6086.532099644263
1330,True,540.0
1331,True,2499.561961624476
1332,True,5314.654833571039
1333,True,5840.663318493885
1334,True,2333.069437457874
1335,True,5652.102263759919
1336,True,2523.8906473934244
1337,True,284.3958508839396
1338,True,5546.867404220151
1339,True,4427.864948256665
1340,True,2113.4261283517812
1341,True,6004.266816189966
1342,True,4221.672772728839
1343,True,4206.427938286831
1344,True,4879.477226097074
1345,True,3000.781564859395
1346,True,4562.319585474038
1347,True,3190.702743910814
1348,True,965.564083839079
1349,True,3921.679487158531
1350,True,3238.3557556266114
1351,True,751.0
1352,True,1622.2962121634878
1353,True,5403.84761073071
1354,True,2033.6649183186496
1355,True,2716.932277404058
1356,True,143.0
1357,True,5234.686045982127
1358,True,438.7174489349609
1359,True,272.26457720386617
1360,True,1743.4118847822508
1361,True,4144.643289838102
1362,True,4794.40778407511
1363,True,99.36297097007517
1364,True,1479.634076385104
1365,True,1270.941776793886
1366,True,6182.679435325756
1367,True,5777.86855163736
1368,True,6006.642489777463
1369,True,5044.209848925796
1370,True,2442.149258337827
1371,True,1308.3214436827059
1372,True,3454.5386088448918
1373,True,1202.0
1374,True,156.97452022541748
1375,True,1524.0839871870578
1376,True,5538.346504147245
1377,True,1396.2062884831882
1378,True,718.8838571007142
1379,True,3900.0298716804723
1380,True,2266.3808153088485
1381,True,5403.819112442607
1382,True,5716.377174399884
1383,True,3308.1051978436235
1384,True,1056.8751108811296
1385,True,535.7620740589987
1386,True,2500.7872760392875
1387,True,3658.3149126339576
1388,True,857.3756469599542
1389,True,2759.3305347493256
1390,True,4313.8646246724065
1391,True,291.30224853234483
1392,True,2626.3358505720475
1393,True,1663.4331967349935
1394,True,5283.303985197142
1395,True,2344.021330960962
1396,True,4292.28668660424
1397,True,3125.432450077909
1398,True,6028.000082946251
1399,True,4569.867065900276
1400,True,6230.802275790815
1401,True,353.7470847936418
1402,True,2836.7631201776435
1403,True,3934.462225006106
1404,True,4790.127555712896
1405,True,2822.711108136998
1406,True,1317.0003796506667
1407,True,3565.512165173469
1408,True,4486.179777940247
1409,True,4289.5081303105135
1410,True,512.1406056933974
1411,True,3776.0299257288734
1412,True,2149.5871696677013
1413,True,1179.7838785133488
1414,True,1057.0
1415,True,6022.64933397255
1416,True,5859.951962260441
1417,True,5275.912243394501
1418,True,3387.6589261612507
1419,True,131.97348218486925
1420,True,273.0
1421,True,4984.957873442864
1422,True,2414.440721989256
1423,True,2979.114130072898
1424,True,1960.8663901449277
1425,True,905.6323757463621
1426,True,893.1769141665048
1427,True,3466.327307107625
1428,True,2680.5046166720176
1429,True,3952.973184831893
1430,True,6161.873091844719
1431,True,1951.6172780542809
1432,True,384.6036921299638
1433,True,5155.930274935843
1434,True,2348.873985551375
1435,True,4623.3953973243515
1436,True,4986.629823838942
1437,True,2707.3080726064404
1438,True,2875.2923329637283
1439,True,3988.0862578434785
1440,True,4273.351846033743
1441,True,3337.694563617228
1442,True,1243.9622180757742
1443,True,3576.4367742209565
1444,True,1304.1246106105045
1445,True,5466.513056784919
1446,True,5467.978054089098
1447,True,3240.5686229425846
1448,True,4878.026342692298
1449,True,5859.614492438901
1450,True,3720.4368023123307
1451,True,1145.223995557201
1452,True,5792.962713499889
1453,True,5159.418668803686
1454,True,2219.7409758798435
1455,True,2486.5303135091676
1456,True,6081.921406923966
1457,True,4775.982621408918
1458,True,3036.123350590354
1459,True,239.63513932643517
1460,True,1694.5669063214943
1461,True,335.393798392278
1462,True,2731.5733561447696
1463,True,4560.502823154482
1464,True,3113.9789658891405
1465,True,4562.72659711274
1466,True,2478.341582591068
1467,True,1417.718237168444
1468,True,5038.144201985489
1469,True,3639.209254769503
1470,True,2732.2800002927956
1471,True,440.20222625516107
1472,True,4433.077937505724
1473,True,2904.31747575915
1474,True,4734.013519203341
1475,True,5662.144116851849
1476,True,4086.619385262102
1477,True,534.6026561849463
1478,True,5925.020843845193
1479,True,3086.786354770929
1480,True,5755.907052758931
1481,True,189.16923639957952
1482,True,3550.9260763919037
1483,True,1557.5493571633613
1484,True,5954.638947912795
1485,True,2225.8313053778356
1486,True,1885.7597938231688
1487,True,658.2537504640593
1488,True,1133.9453249605997
1489,True,558.2436743931811
1490,True,1460.9247071632406
1491,True,1302.020737162047
1492,True,4961.89731856676
1493,True,3624.7434391967663
1494,True,4719.619582127356
1495,True,2807.2609426271724
1496,True,3208.407860606254
1497,True,5257.735824478062
1498,True,3684.6488299429566
1499,True,4877.249429750338
1500,True,1653.359307591668
1501,True,4109.530508464441
1502,True,5700.427790964464
1503,True,2042.9608415238897
1504,True,3326.9645324229114
1505,True,2921.6476515829213
1506,True,4135.573599877047
1507,True,240.52026941611388
1508,True,2425.745246310915
1509,True,1418.8068931323953
1510,True,5981.28924229551
1511,True,4845.279764884583
1512,True,2679.649230776297
1513,True,5477.874222725454
1514,True,2442.1601094113385
1515,True,1929.9805698503806
1516,True,446.15916442453585
1517,True,3352.4319530752596
1518,True,4625.129836015417
1519,True,1873.2989617250098
1520,True,5033.8820010008185
1521,True,1236.7093433786292
1522,True,5160.418587672903
1523,True,4655.248435905435
1524,True,1683.3327062705102
1525,True,4763.3074643570935
1526,True,2099.760462529
1527,True,317.2412331333996
1528,True,208.25465180878913
1529,True,3325.648808879254
1530,True,1984.9788411970542
1531,True,1520.1736742885662
1532,True,3692.241866400412
1533,True,5826.487192125286
1534,True,3824.37458939367
1535,True,5395.641574456184
1536,True,5557.687738619362
1537,True,1155.5890272930078
1538,True,2604.6838579758582
1539,True,2392.618858071632
1540,True,1035.571822714388
1541,True,5689.822844342344
1542,True,3721.6160468269695
1543,True,2323.209202805464
1544,True,2077.830599447414
1545,True,5277.6625507889385
1546,True,1433.068386365424
1547,True,969.604558570142
1548,True,4464.406007522165
1549,True,5512.371540453347
1550,True,789.108991204637
1551,True,779.5088197063584
1552,True,4984.466771882425
1553,True,2867.700995571191
1554,True,447.51759741936405
1555,True,1284.258540948823
1556,True,406.1785321752
1557,True,1745.2678877467492
1558,True,1667.1514628251387
1559,True,3324.150568190316
1560,True,3471.0622293470915
1561,True,4786.272140194287
1562,True,162.78820596099706
1563,True,5721.018266008246
1564,True,5841.985963694196
1565,True,2210.914968966468
1566,True,1773.9109335025814
1567,True,2230.890405196992
1568,True,3049.207274030416
1569,True,4321.500896679301
1570,True,5555.043204152421
1571,True,4628.082972462788
1572,True,3942.4004109171865
1573,True,649.8407497225762
1574,True,3046.7021515074293
1575,True,3646.332129688682
1576,True,3771.7779627120153
1577,True,272.88275870783775
1578,True,4280.729377103859
1579,True,2619.3892417890092
1580,True,3063.3269495762283
1581,True,5663.1917678990885
1582,True,1369.5550372292455
1583,True,3488.442632465095
1584,True,3411.810662976479
1585,True,4575.240540124639
1586,True,1235.263939407283
1587,True,4728.330995182127
1588,True,5331.321787324416
1589,True,5337.90455141341
1590,True,4342.591392244958
1591,True,2575.4486987707596
1592,True,3068.1241826236433
1593,True,732.2465431806421
1594,True,4909.117334103963
1595,True,1360.9129288826673
1596,True,4977.600325458042
1597,True,3322.167966855379
1598,True,2558.246469752279
1599,True,544.7283726776126
1600,True,2639.8570037030413
1601,True,517.8465023537381
1602,True,1748.3938343519746
1603,True,1885.2355290520068
1604,True,5777.875388064371
1605,True,3775.7428408195387
1606,True,3377.7958789719664
1607,True,2120.5480423701792
1608,True,4134.0204402010395
1609,True,1161.1877539829638
1610,True,4592.150367747119
1611,True,5665.750612231357
1612,True,1816.0597457132296
1613,True,4564.001971954
1614,True,4947.824269312725
1615,True,5485.428880224408
1616,True,1757.7613603672144
1617,True,2159.59463788925
1618,True,864.6137866122654
1619,True,3003.030635874366
1620,True,2801.1044250438076
1621,True,291.4875640571995
1622,True,4159.444434056068
1623,True,612.2883307723577
1624,True,3041.692292129498
1625,True,5303.14255889845
1626,True,1363.55601278422
1627,True,171.67702234137218
1628,True,749.5491978516153
1629,True,1595.5842190244925
1630,True,2317.96635005774
1631,True,5087.91902451287
1632,True,1893.5353178644436
1633,True,1394.3263606487542
1634,True,3961.9676929525813
1635,True,3025.2570138750193
1636,True,5488.226033974913
1637,True,462.33537610699875
1638,True,3296.6437478138278
1639,True,2790.235832326723
1640,True,3989.194028873502
1641,True,5599.0464366711585
1642,True,2773.543040949608
1643,True,3270.974319679077
1644,True,1877.9736419875546
1645,True,4663.137677572902
1646,True,1425.2108615920663
1647,True,2154.7315378023313
1648,True,2373.9033257485444
1649,True,548.7440204685605
1650,True,1778.5603728858912
1651,True,5289.210148973096
1652,True,304.55377193526925
1653,True,5045.953824600459
1654,True,1479.682736264771
1655,True,4285.17315869499
1656,True,1224.7334403861112
1657,True,4463.918458036616
1658,True,3747.66060362995
1659,True,1185.7761171485956
1660,True,1004.0079680958712
1661,True,1048.7182653124719
1662,True,2009.2078040859785
1663,True,1894.5067959761982
1664,True,855.9024477123546
1665,True,1701.9782607307297
1666,True,3945.037515664458
1667,True,5571.457618971897
1668,True,2980.3120641973046
1669,True,3713.66301648386
1670,True,4242.291951292367
1671,True,289.3751889848195
1672,True,4955.263968750807
1673,True,3772.3389296297332
1674,True,650.1115288933123
1675,True,1371.3296467297716
1676,True,952.0929576464684
1677,True,3994.372541463803
1678,True,1567.3161774192213
1679,True,2518.2503846917207
1680,True,3344.2094731042193
1681,True,3564.8893390959556
1682,True,5519.213893300385
1683,True,4798.188512345049
1684,True,302.7358584641073
1685,True,3689.436813390358
1686,True,972.1121334496345
1687,True,4711.5034755372935
1688,True,2651.4209397981303
1689,True,1977.3054898017149
1690,True,3412.2404663212114
1691,True,5441.053758234704
1692,True,469.5955706775778
1693,True,1904.497834075954
1694,True,4495.107228976857
1695,True,5404.6406911098165
1696,True,783.5157943526091
1697,True,1115.8176374300597
1698,True,1272.844452397857
1699,True,2239.8325830293657
1700,True,2083.5359368151057
1701,True,3815.8229780743236
1702,True,5225.468878483538
1703,True,1445.752745112386
1704,True,1043.0148608720779
1705,True,1866.5401147577836
1706,True,1649.936968493039
1707,True,3816.017426584947
1708,True,4362.392119009936
1709,True,3704.1021854155156
1710,True,2038.3142544759874
1711,True,3453.5212464961032
1712,True,4231.554088039051
1713,True,5278.207460871541
1714,True,1872.5693578610112
1715,True,4105.524327050079
1716,True,5069.779975501896
1717,True,4093.958719870048
1718,True,2224.5864784269456
1719,True,1753.4791130777692
1720,True,595.4712419588371
1721,True,4486.514014243129
1722,True,1758.5041939102675
1723,True,3120.083332220471
1724,True,3590.006267404
1725,True,2443.547625891503
1726,True,1357.0003684597878
1727,True,127.58134659894448
1728,True,4770.192553765519
1729,True,787.993020273657
1730,True,451.5263004521442
1731,True,2577.2830655556636
1732,True,3843.94719006388
1733,True,3661.191336163681
1734,True,2927.310198800257
1735,True,970.0030927785746
1736,True,2323.1627149211913
1737,True,1630.1107324350698
1738,True,1829.2479328948277
1739,True,3158.650661279275
1740,True,2397.950166287865
1741,True,2176.371751332938
1742,True,5291.724577110944
1743,True,1388.9420434272986
1744,True,827.5808117640235
1745,True,1346.855597308041
1746,True,84.01190391843289
1747,True,1244.6887161053562
1748,True,665.4599912842244
1749,True,481.75720025755714
1750,True,355.00985901802784
1751,True,4867.89317877868
1752,True,5063.615407986669
1753,True,3341.5267468628767
1754,True,2676.6876919058004
1755,True,4832.799292335654
1756,True,4041.760260084707
1757,True,1502.238995632852
1758,True,1022.8988219760545
1759,True,4586.639728603065
1760,True,1002.5891481559133
1761,True,5018.019230732381
1762,True,4078.3237978365573
1763,True,3448.768185888985
1764,True,1530.0826775047158
1765,True,4426.23146706089
1766,True,520.3777474104749
1767,True,1124.6088208795093
1768,True,5289.862191021615
1769,True,4762.74595165436
1770,True,787.9600243667187
1771,True,820.1134067920119
1772,True,121.59358535712317
1773,True,1346.8994023311466
1774,True,2831.5340365250777
1775,True,1936.2657358947401
1776,True,220.77137495608437
1777,True,3261.245314293299
1778,True,2938.4671173930124
1779,True,2108.702918857941
1780,True,4088.2775101502098
1781,True,1746.0733088848247
1782,True,2964.6829510084212
1783,True,1483.3179025414613
1784,True,4545.154012792086
1785,True,665.2796404520433
1786,True,3417.726290971821
1787,True,5129.372768672599
1788,True,4349.055644619875
1789,False,-0.0
1790,True,603.732556683835
1791,True,236.90715480964266
1792,True,3163.953539481893
1793,True,349.4638751001311
1794,True,2613.027745738648
1795,True,5271.075506953017
1796,True,1474.7491312084235
1797,True,70.11419257183242
1798,True,5106.103896318601
1799,True,3298.4488778818445
1800,True,4521.250380149279
1801,True,2742.0206053200986
1802,True,4103.462562275913
1803,True,3591.5240497593777
1804,True,1035.5153306446023
1805,True,475.2367830881781
1806,True,3596.849315720635
1807,True,3674.3698779518645
1808,True,1870.1807399286306
1809,True,2972.0802479071795
1810,True,4629.7651128324
1811,True,4526.7906954044165
1812,True,2617.205570833136
1813,True,1072.6383360667285
1814,True,4874.963999867076
1815,True,1662.1555282223142
1816,True,1521.128528428811
1817,True,3083.604384482549
1818,True,2288.584715495583
1819,True,2479.258961867437
1820,True,4154.508875908198
1821,True,965.7665349348154
1822,True,1998.4456459959074
1823,True,3675.218224813324
1824,True,3809.7585225313164
1825,True,1938.3459443556508
1826,True,201.10196418732463
1827,True,2955.05414502002
1828,True,5002.338653070182
1829,True,1179.811849406506
1830,True,5009.159310702745
1831,True,4602.05388929769
1832,True,3303.2907834461075
1833,True,566.1324933264298
1834,True,3725.754957052329
1835,True,869.2968422811623
1836,True,1421.2846301849606
1837,True,1338.5757356235022
1838,True,2550.4901489713698
1839,True,2088.370896177209
1840,False,-0.0
1841,True,1138.8502974491423
1842,True,1183.7972799428119
1843,True,3280.786643474397
1844,True,310.4834939252005
1845,True,3040.977638852348
1846,True,4889.3583423594555
1847,True,4266.329218426538
1848,True,3974.128835354989
1849,True,4604.735931625179
1850,True,2892.722765838441
1851,True,1706.9563556224864
1852,True,2705.4029274767927
1853,True,155.8621185535472
1854,True,264.0378760708395
1855,True,4824.818856703327
1856,True,4303.459190000528
1857,True,2838.8155980972065
1858,True,1330.2225377732855
1859,True,3224.1736925916384
1860,True,4022.168196383637
1861,True,4134.399351780135
1862,True,1589.4332323189924
1863,True,1000.7996802557443
1864,True,4663.540500521037
1865,False,-0.0
1866,True,4477.896157795533
1867,True,1683.7817554540732
1868,True,657.7309480327043
1869,True,540.3711687349723
1870,True,3297.664931432543
1871,True,3789.2338275698953
1872,False,-20.248456731316587
1873,True,3169.3616076427757
1874,True,4094.920389946549
1875,True,2899.053983629832
1876,True,4238.55741968892
1877,True,4244.96902226624
1878,True,4584.966084934544
1879,True,843.4032250353326
1880,True,4295.376584189097
1881,True,4344.757300471454
1882,True,4105.427139774862
1883,True,4510.782193810736
1884,True,301.93542355940946
1885,True,4347.8776431725855
1886,True,3529.4754567782447
1887,True,1245.8125862263553
1888,True,2178.6013862108875
1889,True,4693.647302471714
1890,True,2062.594967510587
1891,True,3366.2112233191783
1892,True,4830.760292127938
1893,True,823.014580672785
1894,True,426.9800932127867
1895,True,652.0996856309624
1896,False,-0.0
1897,True,305.7907781474124
1898,True,2700.1607359562877
1899,True,2322.8624582613584
1900,True,1157.9861829918352
1901,True,174.62244987400675
1902,True,2477.544146932603
1903,True,1896.4324401359518
1904,True,1277.1002309920705
1905,True,1595.9505004855257
1906,True,2373.3183520126413
1907,True,123.47064428438041
1908,True,662.1789788267217
1909,True,475.7110467500203
1910,True,3696.2957132783627
1911,True,2069.5414951143166
1912,False,-110.8873302050329
1913,True,4496.060497813613
1914,True,1345.4590294765576
1915,True,1350.4462225501613
1916,True,3943.914045716514
1917,True,4052.3949708783325
1918,True,2830.2835546990696
1919,False,-75.7429864739964
1920,True,4163.1250281489265
1921,False,-0.0
1922,True,1219.8856503787558
1923,True,975.4614292733465
1924,True,4752.912896319477
1925,True,2669.6554084750337
1926,True,2808.0386393352924
1927,True,3909.6804217224712
1928,False,-302.97854709533476
1929,True,1456.523600907311
1930,False,-0.0
1931,True,1725.9388749315544
1932,True,3011.072400325173
1933,True,3668.2111444135817
1934,True,3431.448965087489
1935,True,3677.2986008753765
1936,True,1000.6168097728521
1937,True,4261.11581630915
1938,True,3246.1463306511614
1939,True,4130.832845807247
1940,True,1826.3310214744752
1941,True,1528.8440077391806
1942,False,-637.2511278922933
1943,True,249.92798962901293
1944,True,1295.3072994467375
1945,True,3721.3043412223087
1946,True,1703.7655355124425
1947,True,4592.84182179182
1948,True,2596.85675384685
1949,False,-77.98717843338096
1950,True,3599.599005444912
1951,True,1627.9963144921428
1952,True,1391.087703920928
1953,True,2262.8216898377123
1954,True,3345.086247019649
1955,True,419.6772569487177
1956,True,4281.066222332936
1957,True,2005.7367723607204
1958,True,4008.9805437292907
1959,False,-0.0
1960,True,1649.102786365968
1961,True,553.1762829333883
1962,True,1253.3898036923708
1963,True,2769.421058633013
1964,True,4375.112455697567
1965,True,4210.117575555343
1966,True,3416.0668904457943
1967,True,3954.915169760282
1968,True,1297.4382451585122
1969,True,2877.787518216034
1970,True,3163.917192342429
1971,True,1081.7934183567581
1972,True,3697.5389112218954
1973,True,571.7280822209103
1974,True,4150.133732785005
1975,True,2335.839463661833
1976,True,3004.0054926714097
1977,True,1397.5110017456034
1978,True,307.6897788357618
1979,False,-538.9638206781602
1980,True,1840.7531067473444
1981,True,4151.553564630956
1982,True,415.5791140083919
1983,True,1551.126364936139
1984,True,1988.5424310283147
1985,True,4006.9152723759958
1986,True,1479.0784292930514
1987,True,2449.429525420154
1988,True,3725.5368740625827
1989,False,-841.3138534459064
1990,True,4208.822281826592
1991,True,1456.3145264674113
1992,True,519.5738638538317
1993,True,588.6340119293142
1994,True,1662.0123344909327
1995,True,3967.429520483004
1996,True,1804.683905840577
1997,True,641.0935969107787
1998,True,2005.333139406019
1999,True,1093.1102414669804
2000,True,4227.448048172798
2001,True,1200.1354090268314
2002,True,2599.584582197702
2003,False,-728.0858465867882
2004,False,-381.0472411657116
2005,True,1337.0044876514064
2006,True,2800.34605004453
2007,True,1641.229112586052
2008,True,3734.588196843127
2009,True,947.4787596563841
2010,True,2958.6436081420825
2011,True,3358.754828801888
2012,True,4071.3056873686114
2013,True,2799.881783218713
2014,True,1192.2315211400846
2015,True,3256.8807162682515
2016,True,330.47844105175756
2017,True,830.6924822098729
2018,True,2198.1105522698354
2019,False,-165.7015389186232
2020,True,4033.04277190312
2021,True,3770.7899702847412
2022,True,1407.5983091777284
2023,True,2637.1539583422127
2024,True,4307.7331625809875
2025,True,2266.447440378885
2026,True,705.124811646846
2027,True,3113.556326774899
2028,True,1300.7478618087366
2029,True,1296.325962094411
2030,True,2567.73986221346
2031,True,1538.911953296874
2032,True,3519.531929106483
2033,True,607.7910825275409
2034,True,1383.2400370145451
2035,False,-617.6900517249732
2036,True,2603.267562122649
2037,True,3326.92726100226
2038,True,397.46823772472686
2039,True,1579.250771726897
2040,True,3296.0474814541126
2041,True,2003.2126696883684
2042,True,987.1676655968832
2043,True,3899.394824841414
2044,True,4126.224909042162
2045,True,2566.8589754795644
2046,True,802.2680350107438
2047,True,2237.933198288099
2048,True,3969.774804696105
2049,True,1294.6814279968644
2050,True,2309.861684170721
2051,True,1166.1637963853964
2052,True,3600.6706319795485
2053,True,4057.41407795655
2054,True,3989.899497481108
2055,True,2298.231058879851
2056,True,4119.703994220944
2057,True,696.5349955314521
2058,True,3409.117481108564
2059,True,1917.0772024099604
2060,True,554.1055856062092
2061,True,2413.8371941785967
2062,True,1736.0233293363312
2063,True,2126.6257310584765
2064,True,3755.875397294218
2065,True,1489.2498111465384
2066,True,2965.896323204842
2067,False,-13.45362404707371
2068,True,1021.9946183811342
2069,True,1320.8217139341707
2070,True,1432.4314992347802
2071,True,1170.5507250862731
2072,True,4069.368747115454
2073,True,820.6077016455549
2074,True,1750.0985686526344
2075,True,1192.7019745099778
2076,True,1617.8584610527585
2077,True,2858.3080659718958
2078,True,2642.718675909337
2079,True,2192.9471037852236
2080,True,1185.914415124464
2081,True,2032.9825380460109
2082,True,904.1554069959434
2083,True,2139.432167655708
2084,True,871.9231617522269
2085,True,3969.8353870154365
2086,True,565.3538714822779
2087,True,3091.300373629195
2088,True,3170.3894082588654
2089,True,1036.6122708129592
2090,True,3836.6821604089123
2091,True,1478.340962024661
2092,True,1311.7873303245462
2093,True,2454.4750966347165
2094,False,-0.0
2095,True,393.1017679939891
2096,True,1920.0585928559576
2097,True,3437.635524601176
2098,True,2011.44773732752
2099,True,2311.488265165973
2100,True,1615.6945874762346
2101,True,392.77983654968847
2102,True,877.7385715576136
2103,True,1709.393167179511
2104,True,1564.7114750010624
2105,True,3815.117953615589
2106,True,3590.7833407210746
2107,True,2329.121937555009
2108,True,2983.9177267478403
2109,True,3801.6429343114273
2110,True,2395.393287124267
2111,True,1347.1885539893813
2112,True,3701.7705223311723
2113,True,1247.5996954151599
2114,True,1794.62140854276
2115,True,1405.5920460788045
2116,True,3936.762629369467
2117,True,658.9210878398111
2118,True,622.5086344782698
2119,True,3128.8582582149675
2120,True,3802.907966280541
2121,False,-741.201726927292
2122,True,2891.799612697948
2123,True,3537.3577709923547
2124,False,-0.0
2125,True,1567.6147485909923
2126,True,1883.7422859828782
2127,True,1685.6740491565977
2128,False,-1057.1646040234227
2129,True,844.126175402706
2130,True,1168.6509316301424
2131,True,591.3797426358126
2132,True,3328.7710945632775
2133,True,1812.3277849219219
2134,True,3829.9124010870014
2135,True,2493.4141252507575
2136,True,2561.8745090265447
2137,False,-475.0831506168157
2138,True,3133.9388953838907
2139,True,1689.12669743865
2140,True,1583.1756061789229
2141,True,1430.7235931513815
2142,True,1389.3224967587619
2143,False,-767.2893847825604
2144,True,1940.4107812522584
2145,True,1248.4774727643266
2146,True,3114.4823004794875
2147,True,2258.686786608537
2148,True,3728.729810538704
2149,False,-332.66199061509866
2150,True,3454.938639107792
2151,True,2705.243057471916
2152,True,2798.1009631534025
2153,True,3260.7514471360737
2154,False,-26.1725046566048
2155,True,1815.493596793996
2156,True,3307.0858773246273
2157,True,2353.7208840472144
2158,True,631.9905062578076
2159,True,939.5365878985235
2160,False,-0.0
2161,True,2116.7073486904137
2162,True,1343.0949333535586
2163,True,1286.4155627168072
2164,False,-203.3420763147657
2165,True,1666.6124324509283
2166,True,1187.1857478928898
2167,True,1842.4041359050407
2168,True,3617.9068534167654
2169,True,2233.779308705316
2170,True,2672.811441160786
2171,True,3501.7922554029387
2172,True,800.3905296791061
2173,True,2964.808256869236
2174,True,1476.1548021803133
2175,True,1726.1949484342722
2176,True,1043.1538716795333
2177,True,3464.385948476295
2178,True,793.4242244852371
2179,True,424.0117922888466
2180,True,1421.9764414363551
2181,False,-0.0
2182,True,3331.0469825566856
2183,True,1698.6644754041336
2184,False,-1312.3311319937511
2185,True,1168.498609327371
2186,True,609.2372280154915
2187,True,424.09550811108573
2188,True,1472.3484641890996
2189,True,1967.6915408671148
2190,True,1845.2167894315292
2191,False,-479.30157521126506
2192,True,3528.6571100065817
2193,True,2099.4868420640314
2194,True,2730.7736998880005
2195,True,2087.2628008949905
2196,True,2556.0964379303064
2197,True,3581.5549695628015
2198,False,-193.72403051764127
2199,True,1551.6613676959287
2200,True,1535.969075209524
2201,True,3581.9156885666644
2202,True,563.8448368123983
2203,True,1608.0111939908877
2204,True,713.0918594402827
2205,True,3347.4678489867533
2206,True,1699.6896775588184
2207,False,-1138.9754167671927
2208,True,2353.0713971318423
2209,True,1662.4524053337586
2210,True,1114.924661131863
2211,True,1293.9864759726047
2212,True,1873.9415679257452
2213,True,831.4715870070365
2214,True,1839.1479005235005
2215,True,3055.279037993093
2216,False,-827.0102780497955
2217,True,1006.717438013269
2218,True,411.9866502691562
2219,True,2319.531202635567
2220,True,3464.0369513040705
2221,True,3156.4868128981625
2222,True,2695.5526335057903
2223,True,1874.7213126222255
2224,False,-0.0
2225,False,-403.832886228945
2226,True,3075.3744487460385
2227,True,2117.2477417628766
2228,True,1295.2714001320342
2229,False,-144.80676779764127
2230,True,2941.452872306473
2231,True,1748.6923686000348
2232,True,1939.8971622227814
2233,True,479.15028957520207
2234,True,3030.9043204957825
2235,True,1963.5816764270337
2236,True,2685.942106598726
2237,False,-0.0
2238,True,2303.481929601359
2239,True,1381.1173013180307
2240,False,-1346.2184072430446
2241,True,1461.5844142573496
2242,True,572.0646816575902
2243,False,-1264.8735114627075
2244,True,3065.581347803382
2245,True,832.4061508662703
2246,True,2735.0787922836885
2247,False,-626.2754984828961
2248,True,253.8227728159946
2249,True,1434.1687487879522
2250,True,2505.603719665183
2251,True,1599.2376308729106
2252,True,3228.5366654259947
2253,True,2413.0366760577845
2254,True,1175.7839937675628
2255,True,1528.631086953291
2256,True,1280.515521186682
2257,False,-0.0
2258,True,1285.6224173527778
2259,True,1443.7839173505154
2260,True,649.7045482371199
2261,True,2790.0281360588465
2262,True,3402.3716728188297
2263,True,1041.7466102656633
2264,True,1687.0296381510313
2265,True,1775.8519082400987
2266,True,426.60168776037443
2267,True,1653.411624490405
2268,True,779.3773155538978
2269,True,1957.030914421129
2270,False,-1427.8967049475252
2271,False,-1012.0064229045189
2272,True,2579.41408075555
2273,False,-430.7354176289663
2274,True,312.92970456637704
2275,True,2437.980516739213
2276,True,3220.908256998327
2277,True,2895.1395475866098
2278,False,-12.206555615733702
2279,True,2524.986534617561
2280,False,-778.5280984010789
2281,False,-158.38244852255568
2282,True,2992.000668449123
2283,True,1077.8427529097182
2284,True,2292.6325479675106
2285,True,2526.3596339397127
2286,False,-1828.2341206749206
2287,True,1168.7677271382881
2288,True,2781.943385477138
2289,True,3238.194095479763
2290,True,1244.5967218340245
2291,True,635.2086271454442
2292,True,2844.392377995694
2293,True,3016.2642457185343
2294,True,1043.093955499695
2295,False,-0.0
2296,True,1547.53546001376
2297,True,1464.1290926690856
2298,True,1980.849312794893
2299,True,1217.6210412110986
2300,True,1375.5816951384604
2301,True,449.0
2302,True,2358.1121686637384
2303,True,897.2184795243576
2304,False,-296.2853354454115
2305,True,1095.7152914877113
2306,False,-0.0
2307,True,2474.098219553945
2308,True,2571.0334498018497
2309,True,2551.721771667123
2310,True,3050.791700526275
2311,True,837.9415254061587
2312,True,1841.8113367009119
2313,True,1351.6841347001155
2314,True,1465.0378834692297
2315,False,-19.1049731745428
2316,True,1722.4523215462307
2317,False,-418.1686262741384
2318,True,2690.137914680212
2319,True,2144.855472986467
2320,True,1947.0195171081361
2321,True,885.6348005809167
2322,False,-246.4731222669117
2323,True,1972.1239819037746
2324,True,2862.6229231248744
2325,True,730.4751878058556
2326,True,640.6309389968611
2327,True,1034.6525987016125
2328,True,448.6256791580259
2329,True,493.04056628232934
2330,True,2669.941197854365
2331,True,1554.5320839403735
2332,True,1628.3381098531104
2333,True,1542.8431546984937
2334,False,-1208.6529692182119
2335,True,1260.6541952494347
2336,True,855.5255694600834
2337,False,-1563.3937443907084
2338,False,-0.0
2339,True,1450.8966193357817
2340,True,1563.780355420799
2341,False,-684.8839317723844
2342,True,2754.9609797599674
2343,False,-1225.2452815661034
2344,True,2680.467496538617
2345,True,1063.6996756603812
2346,True,2998.497290310598
2347,True,2334.1313159289048
2348,True,2876.793353718685
2349,False,-106.66770832824712
2350,True,1362.3252181472676
2351,True,1297.3392000552515
2352,True,2549.5603542571807
2353,True,1617.9694063856707
2354,True,2184.212672795394
2355,True,615.403932389126
2356,False,-1420.8800090085017
2357,True,1479.9138488439116
2358,True,1582.3842769694093
2359,True,1664.5023280248063
2360,True,1910.6661142125276
2361,True,2048.8753012323614
2362,False,-0.0
2363,True,1039.4272461312528
2364,True,2730.2644560554936
2365,True,1134.2918495695894
2366,True,1436.1758248905319
2367,True,2573.0326465087846
2368,False,-156.48642113614844
2369,True,2242.9025837071035
2370,True,2476.4652228529276
2371,True,846.4525976095767
2372,True,1157.8505948523755
2373,True,487.18169095318024
2374,True,1306.8622727739905
2375,False,-1642.9546554911367
2376,False,-419.33399575994315
2377,True,1311.6478185854617
2378,False,-553.8059226841115
2379,False,-1193.1676328161102
2380,False,-1441.0499644356541
2381,False,-306.72626232522055
2382,True,1744.2227495363086
2383,True,470.5581791872287
2384,True,305.0
2385,False,-0.0
2386,True,929.5509668651848
2387,True,896.1294549338281
2388,True,2449.409112418748
2389,True,1450.247565072943
2390,True,2659.538493799253
2391,True,1613.471412823915
2392,True,1419.4636310945061
2393,False,-1535.501221100133
2394,True,1157.2143275988246
2395,False,-1006.006958226433
2396,False,-775.2496372137172
2397,True,1703.1224266035604
2398,False,-0.0
2399,False,-441.1915683691156
2400,True,1507.148300599513
2401,False,-685.6063010212202
2402,True,568.1725090146477
2403,True,2402.70368543439
2404,False,-587.857976045235
2405,True,382.45653347798884
2406,False,-648.7464836128208
2407,True,979.6780083272258
2408,False,-910.9692640259605
2409,True,530.8351909962263
2410,True,1175.5479573373432
2411,True,1296.0173609948286
2412,True,1317.4824477009172
2413,True,654.5242547071881
2414,False,-1714.1044308909536
2415,True,1521.3270522803439
2416,True,2228.2661420934437
2417,False,-807.401387167498
2418,True,2330.484284435319
2419,True,174.80560631741764
2420,False,-0.0
2421,True,1430.1513905877237
2422,False,-849.6681705230578
2423,False,-0.0
2424,True,2425.6364113362083
2425,False,-544.4162010814888
2426,False,-429.4834106225757
2427,True,1186.8285470108983
2428,True,1032.7366556872087
2429,True,715.2796655854268
2430,True,1988.6037815512673
2431,True,1787.0100727192334
2432,True,720.5865666247186
2433,True,1779.1874549917443
2434,False,-0.0
2435,True,2076.557246983574
2436,True,1360.624856453828
2437,True,2059.5339278584365
2438,True,2401.5621999023883
2439,True,1625.0307689394683
2440,True,785.7206882856019
2441,True,1314.026635955299
2442,True,1392.2427949176106
2443,False,-0.0
2444,True,1758.8524668089703
2445,False,-751.7246836442182
2446,False,-1504.9956810569258
2447,True,1532.8568100119462
2448,True,2121.428292448274
2449,True,586.4511914899654
2450,True,995.9206795724245
2451,True,2208.678337830115
2452,False,-347.02161315975695
2453,True,1254.5230169271506
2454,False,-1232.7745130395906
2455,False,-0.0
2456,True,1987.2719995008233
2457,True,1364.7904601073383
2458,True,1025.3399436284535
2459,True,659.2738429514703
2460,False,-155.56670594957006
2461,True,2188.9769299835025
2462,True,2564.6933539899073
2463,False,-1551.9954896841678
2464,False,-1075.7248718887186
2465,True,409.2138805074921
2466,True,1369.949634110685
2467,False,-1240.9576946858422
2468,False,-0.0
2469,True,847.9062448171968
2470,False,-610.2335618433323
2471,False,-730.8385594644004
2472,True,1732.288948183876
2473,True,1239.9116904037965
2474,True,1777.8695115221476
2475,False,-1771.528718367275
2476,True,1518.38071642128
2477,False,-1322.800060477773
2478,True,470.54117779425
2479,False,-1002.1701452348299
2480,False,-875.2782414752465
2481,True,1408.8608873838466
2482,True,1597.4742564435899
2483,True,388.5614494516923
2484,False,-109.63576058932597
2485,False,-316.7222758190525
2486,True,604.2060906677456
2487,True,1140.175425099138
2488,True,1522.7767400377509
2489,False,-0.0
2490,False,-0.0
2491,False,-1250.7149955125667
2492,False,-1909.0730735097595
2493,True,1845.7004090588482
2494,False,-111.04053313993049
2495,False,-1476.7105335846968
2496,False,-973.2959467705596
2497,False,-0.0
2498,True,838.6870691741944
2499,True,2430.7910235147733
2500,False,-367.4901359220408
2501,True,1155.9628021696892
2502,False,-2127.2428164175335
2503,False,-1630.0334352399034
2504,False,-2002.616538431659
2505,True,2374.358439663228
2506,True,2142.3139359113547
2507,True,1268.2353882462041
2508,False,-0.0
2509,False,-411.5239968701704
2510,True,847.8637862298401
2511,True,1716.6036234378628
2512,True,981.660837560509
2513,True,1386.9235739578444
2514,True,1825.762580403049
2515,True,2153.4411995687274
2516,True,1502.1011949932001
2517,True,1290.0701531312163
2518,True,1449.851026829998
2519,False,-1475.3033586350978
2520,True,2063.112454521081
2521,False,-884.8819130256873
2522,False,-162.43152403397562
2523,True,2271.933537760293
2524,False,-26.90724809414742
2525,True,1482.2027526624015
2526,True,615.0186989027244
2527,True,1563.9261491515513
2528,True,1381.064082510294
2529,True,2026.688185192779
2530,True,369.1950703896248
2531,True,1103.2520111017247
2532,False,-588.9329333633839
2533,False,-1645.7597029943345
2534,True,435.6076216045812
2535,True,852.3455871886708
2536,True,1671.811592255539
2537,False,-2263.7510905574404
2538,False,-1189.59194684564
2539,True,1289.3300585963239
2540,True,1888.5444130334874
2541,False,-1941.5954779510587
2542,False,-1771.528718367275
2543,True,1165.6864930160252
2544,True,1039.7523743661277
2545,True,1863.3531603000006
2546,True,1172.629523762727
2547,False,-602.7022482121665
2548,True,2027.4106638764629
2549,True,1459.9674653909244
2550,True,1265.3236740059833
2551,False,-724.1767739992771
2552,True,1849.44153732958
2553,True,821.6501688675053
2554,False,-821.0054811022884
2555,True,1439.6600293124764
2556,False,-315.635866149587
2557,True,1264.2942695432896
2558,True,180.16103907338012
2559,False,-0.0
2560,True,1903.9201663935387
2561,True,1268.3725793314834
2562,True,1901.0273538273982
2563,True,989.1900727362765
2564,True,1145.4837406091804
2565,False,-1173.6481585211131
2566,False,-1309.6064294283226
2567,True,1352.1408950253667
2568,False,-1653.9495155536035
2569,False,-1627.1410510462822
2570,True,830.9157598697957
2571,True,1149.999130434454
2572,True,844.7467075993845
2573,True,1606.5995145026031
2574,True,411.5264268549469
2575,False,-2156.1539833694624
2576,True,1834.2807854851449
2577,True,1553.8835220183012
2578,False,-949.7920825106935
2579,True,1671.3306076297413
2580,True,408.55354606220226
2581,False,-1564.9421714555463
2582,True,1686.1509422350064
2583,True,1388.9971202273964
2584,False,-878.4628620493868
2585,True,994.6707998126817
2586,True,1235.1688143731608
2587,True,1034.6385842408934
2588,True,1499.939332106469
2589,True,548.5143571502938
2590,True,1146.0213785091446
2591,True,1737.1062143691731
2592,False,-1093.9990859228358
2593,False,-396.8400181433319
2594,True,671.2324485601094
2595,True,1438.6761275561641
2596,True,1457.231965062529
2597,True,1498.7531484537406
2598,False,-2515.030019701554
2599,True,858.492283017151
2600,True,1347.1232311856254
2601,False,-1461.162550847783
2602,False,-157.1146078504478
2603,True,1327.9175426207757
2604,True,1255.487952948972
2605,True,1689.7538282246915
2606,False,-249.8039231077046
2607,True,1038.633717919845
2608,True,681.8797547955211
2609,True,765.1470446914109
2610,True,1239.628976750705
2611,True,1176.2878049185072
2612,True,1596.16321220607
2613,True,477.582453614033
2614,False,-1304.4052284470497
2615,True,1400.8140490443404
2616,False,-2310.5916991108575
2617,True,869.0943562122585
2618,True,1544.2425327648505
2619,False,-2408.837271382191
2620,False,-872.4631797388357
2621,True,1090.2573090789165
2622,True,1313.3518188208368
2623,True,1467.068164742184
2624,False,-2600.5693607362214
2625,True,1054.442980914568
2626,False,-1880.378951169152
2627,False,-2746.672350317744
2628,False,-1267.8832753846073
2629,False,-1524.4362892558022
2630,True,1666.368506663517
2631,True,458.1320770258289
2632,True,1742.1024654135588
2633,True,1373.8587991493157
2634,True,1201.1902430506168
2635,True,809.2391488305543
2636,False,-1116.3458245543807
2637,True,1539.2368238838362
2638,True,1300.419932175757
2639,False,-1668.1157034210787
2640,True,1331.7327059136153
2641,False,-1300.478757996454
2642,False,-2101.1542066207326
2643,False,-0.0
2644,False,-2263.1520055002934
2645,True,1209.2663064850522
2646,False,-784.6100942506412
2647,False,-2519.025605268831
2648,True,1405.108536733017
2649,True,1599.9306234959065
2650,True,1534.3979275272761
2651,True,1750.9608790604088
2652,False,-593.0
2653,True,1175.4373654091485
2654,True,905.9812360087818
2655,False,-1459.1932702695692
2656,True,1453.289372423813
2657,True,1034.7004397408944
2658,False,-1885.4933041514626
2659,True,449.87220407577973
2660,True,1614.9269333316602
2661,True,859.8988312586545
2662,False,-395.30874010069647
2663,True,1668.3410922230503
2664,True,983.8399260042255
2665,True,1198.6763533164406
2666,False,-0.0
2667,False,-1915.6923030591317
2668,False,-823.9733005383124
2669,False,-2043.6697384851595
2670,True,1317.4342488336943
2671,True,729.7294019018283
2672,False,-1688.9869744909224
2673,True,1543.016850199634
2674,True,1383.3932918732835
2675,True,1234.4472447212963
2676,True,1569.1048403468776
2677,False,-2581.2686803198153
2678,False,-2737.645155968903
2679,True,1483.041806558399
2680,True,1250.0707979950575
2681,True,1006.8932416100528
2682,True,1110.5678727569964
2683,False,-2706.5529738026557
2684,True,438.95899580712546
2685,True,701.9437299385187
2686,True,404.500927069395
2687,False,-2427.117014072457
2688,True,1318.6603050065623
2689,True,1319.183459568835
2690,False,-1855.9881465138726
2691,False,-2834.950440483925
2692,True,875.0462844901406
2693,False,-42.43819034784589
2694,False,-2264.7068242931578
2695,False,-2100.380917833715
2696,True,1416.2379743531806
2697,False,-1793.1193490674289
2698,True,1070.275198255103
2699,False,-0.0
2700,False,-2939.2441205180626
2701,True,952.8787960700984
2702,False,-1966.6987568003392
2703,False,-1463.9050515658453
2704,False,-1119.6414604684842
2705,False,-773.9974160163586
2706,False,-140.98226838861686
2707,True,1168.871678158043
2708,True,619.9717735510222
2709,False,-2039.0468361467326
2710,True,1340.4984147696707
2711,True,1113.8761151941449
2712,False,-2401.4497704511746
2713,True,1245.348545588744
2714,False,-0.0
2715,True,1273.8198459750893
2716,False,-989.8307936208087
2717,True,212.41704263076446
2718,True,1134.563352131559
2719,True,1045.9182568441952
2720,False,-2376.5001577950716
2721,False,-2529.6491851638243
2722,False,-2418.9057443397833
2723,True,418.80305634032806
2724,True,1402.7808096776916
2725,True,478.3523805731503
2726,False,-300.98006578509484
2727,True,1346.371791148344
2728,False,-2265.5253253936494
2729,True,641.9197769192035
2730,False,-1285.9723947270409
2731,True,1041.3462440514202
2732,True,749.4431265946736
2733,False,-2998.907134274084
2734,True,523.9017083385012
2735,False,-707.627726986443
2736,False,-0.0
2737,False,-2909.5607915972473
2738,False,-1350.9777940440028
2739,True,1318.6997383786804
2740,True,1262.9212168619229
2741,True,877.892931968358
2742,True,1114.394903075207
2743,False,-1371.6741595583114
2744,True,1148.5142576389724
2745,False,-2210.282334906561
2746,True,776.2538244672293
2747,True,939.3295481352644
2748,True,1238.587905640936
2749,False,-1247.5548084152456
2750,False,-2509.760944791356
2751,True,870.3958869388113
2752,False,-1054.9815164257618
2753,True,1024.3266080699066
2754,True,1118.5150870685652
2755,False,-2181.3193255458955
2756,False,-2574.127619213935
2757,False,-0.0
2758,True,1098.6109411434059
2759,False,-3157.4752572268876
2760,True,925.5814388804478
2761,False,-3065.120715404207
2762,True,868.7951427120205
2763,True,515.9467026738324
2764,False,-487.9149516052977
2765,True,964.841955969992
2766,False,-604.1895397969084
2767,False,-2034.7346264316632
2768,False,-1653.4624277557684
2769,False,-1819.017591998494
2770,True,192.83671849520775
2771,False,-2366.526991183494
2772,False,-894.2958123574101
2773,True,108.6876257906115
2774,False,-2958.9858059815024
2775,False,-2942.17555560507
2776,False,-2130.391982711163
2777,False,-2710.0881904469456
2778,False,-2323.7162047031475
2779,False,-99.32270636667126
2780,False,-3224.235878467951
2781,True,217.9954127957742
2782,True,395.8951881495909
2783,False,-307.15631199765375
2784,True,1146.290102897168
2785,False,-2249.421703460692
2786,False,-3053.6838408715466
2787,False,-472.9873148404722
2788,True,622.0128616033594
2789,False,-0.0
2790,False,-2386.8039299448124
2791,False,-1971.7672276412345
2792,False,-2313.89628116733
2793,False,-461.33935448864537
2794,False,-1556.9910083234263
2795,False,-2456.751717207093
2796,False,-2239.0946831253027
2797,False,-662.3971618296684
2798,False,-2858.5249692804855
2799,False,-343.98401125633734
2800,True,749.0260342604922
2801,False,-793.7455511686348
2802,True,427.5067250933019
2803,True,641.0655192724064
2804,False,-304.58168034207176
2805,False,-34.66987164671943
2806,False,-2362.4421686043447
2807,False,-1698.7009742741657
2808,False,-1576.7387228073014
2809,False,-2010.1169120227808
2810,True,548.4350462908073
2811,False,-1500.9143879648832
2812,False,-1350.2784897938648
2813,False,-1823.5287220112548
2814,False,-2482.890251299884
2815,False,-1939.8561802360505
2816,False,-2804.3425254415697
2817,False,-2579.4169883909813
2818,False,-249.8739682319869
2819,False,-2371.8248248974883
2820,False,-3188.15385450577
2821,False,-1744.3236511611026
2822,False,-2726.1006951321515
2823,False,-0.0
2824,False,-2470.713459711587
2825,False,-2968.8711659484316
2826,True,637.974921137187
2827,False,-2007.2949459409297
2828,False,-1927.2366227321438
2829,False,-576.4069742811931
2830,False,-2611.6839395302027
2831,True,91.54780172128658
2832,False,-1008.105153245434
2833,False,-108.2266141020775
2834,False,-3572.0694282166464
2835,False,-1371.2290107782871
2836,True,750.4505313476699
2837,False,-2672.019835255719
2838,False,-1770.5366418123065
2839,False,-2148.344711632656
2840,False,-3487.6137974265444
2841,False,-875.8521564739109
2842,False,-63.51377803280167
2843,False,-799.8712396379807
2844,False,-0.0
2845,False,-1568.9295713957335
2846,False,-2892.5768788400424
2847,True,313.23154374998694
2848,False,-484.48426187029025
2849,True,406.02093542082287
2850,False,-2543.5764191390044
2851,False,-604.8809800283027
2852,False,-314.8714023216462
2853,False,-3231.983446739788
2854,False,-1108.054601542722
2855,True,549.1457001561607
2856,True,218.13069476806788
2857,True,653.0574247338437
2858,False,-3928.349526200539
2859,False,-0.0
2860,False,-1685.5838751008507
2861,False,-754.080234457846
2862,False,-3059.2941996480167
2863,False,-3297.035789917968
2864,False,-251.6445906432324
2865,True,226.55021518418383
2866,False,-0.0
2867,False,-485.51930960570456
2868,False,-1368.7340866654852
2869,False,-946.6752347030105
2870,True,350.48823090083926
2871,False,-2425.5607599068717
2872,False,-2887.435540406054
2873,False,-3753.09485624864
2874,False,-2981.2215617092265
2875,False,-2.0
2876,False,-2761.6344797963397
2877,False,-2829.7323194959627
2878,False,-3886.1972415203013
2879,False,-636.4534547003418
2880,False,-2320.9689786811023
2881,False,-0.0
2882,False,-408.6820279875297
2883,False,-2913.047201814622
2884,False,-7.615773105863909
2885,False,-0.0
2886,False,-37.73592452822641
2887,False,-3691.7319783537914
2888,False,-0.0
2889,False,-0.0
2890,False,-1796.4103094783218
2891,False,-0.0
2892,False,-1972.82361096982
2893,False,-0.0
2894,False,-1629.922697553476
2895,False,-0.0
2896,False,-1619.6326744049097
2897,False,-0.0
2898,False,-3135.4529178413763
2899,False,-0.0
2900,False,-597.8444613777065
2901,False,-660.2696418888271
2902,False,-165.3420696616563
2903,False,-0.0
2904,False,-0.0
2905,False,-0.0
2906,False,-0.0
2907,False,-2774.853149267543
2908,False,-2992.695774715499
2909,False,-1911.6947978168482
2910,False,-2996.042723326889
2911,False,-2475.7562480987503
2912,False,-3206.135524272173
2913,False,-0.0
2914,False,-37.107950630558946
2915,False,-48.877397639399746
2916,False,-3444.7863504142024
2917,False,-2236.6586686394508
2918,False,-4310.052087852304
2919,False,-3667.485514627154
2920,False,-2126.7564505603364
2921,False,-0.0
2922,False,-3448.8226976752517
2923,False,-379.26903380054637
2924,False,-2356.3925818929238
2925,False,-2545.33691286635
2926,False,-3517.1080449710385
2927,False,-3405.297637505421
2928,False,-2373.382607166405
2929,False,-2306.0416301532805
2930,False,-2603.2258833992873
2931,False,-2500.1651945421527
2932,False,-3965.9019150755607
2933,False,-3884.4110235658636
2934,False,-3797.622940735428
2935,False,-3113.225497775579
2936,False,-3485.0931120990153
2937,False,-3566.925426750607
