Label.ID.,Cell.ID.,Transcript.Count
1,1,42
2,2,0
3,3,1
4,4,0
5,5,0
6,7,3
7,8,0
8,9,1
9,10,0
10,11,1
11,12,0
12,14,1
13,15,0
14,16,0
15,18,1
16,19,0
17,20,0
18,21,0
19,22,0
20,23,0
21,24,0
22,25,1
23,26,0
24,27,0
25,28,0
26,29,0
27,30,2
28,31,0
29,32,0
30,33,0
31,34,0
32,35,0
33,36,0
34,37,0
35,38,0
36,39,0
37,40,1
38,41,0
39,42,0
40,43,0
41,44,0
42,45,3
43,46,0
44,47,0
45,48,0
46,49,0
47,50,0
48,51,1
49,52,0
50,53,1
51,54,0
52,55,0
53,56,0
54,57,0
55,58,0
56,59,0
57,60,1
58,61,1
59,62,0
60,63,0
61,64,2
62,65,1
63,66,0
64,67,0
65,68,0
66,69,0
67,70,1
68,71,1
69,72,0
70,73,1
71,74,1
72,75,0
73,76,1
74,77,1
75,78,1
76,79,2
77,80,0
78,81,0
79,82,0
80,83,0
81,84,0
82,85,2
83,86,1
84,89,0
85,88,0
86,90,0
87,91,2
88,93,0
89,92,2
90,94,0
91,96,0
92,98,1
93,99,0
94,100,0
95,101,0
96,102,0
97,103,0
98,104,0
99,105,0
100,106,0
101,108,0
102,109,0
103,111,0
104,112,0
105,114,1
106,115,0
107,116,0
108,117,0
109,118,0
110,119,1
111,120,4
112,121,0
113,122,0
114,123,54
115,124,1
116,125,0
117,126,0
118,127,0
119,128,0
120,129,0
121,130,0
122,131,0
123,132,4
124,133,1
125,134,1
126,135,0
127,136,0
128,137,0
129,138,0
130,139,0
131,140,0
132,141,0
133,142,0
134,143,0
135,145,0
136,144,0
137,146,0
138,147,0
139,150,0
140,151,0
141,152,1
142,154,0
143,155,0
144,156,0
145,157,0
146,158,0
147,159,0
148,160,0
149,161,0
150,162,0
151,164,0
152,165,0
153,166,0
154,168,0
155,169,0
156,170,2
157,171,0
158,172,0
159,173,0
160,174,0
161,175,0
162,176,0
163,177,0
164,178,0
165,179,0
166,180,0
167,181,0
168,182,0
169,183,0
170,184,0
171,185,0
172,186,0
173,187,0
174,188,0
175,189,1
176,190,0
177,191,0
178,192,1
179,193,0
180,194,0
181,195,0
182,196,0
183,197,0
184,198,0
185,199,0
186,200,0
187,201,0
188,203,0
189,202,0
190,204,0
191,206,0
192,205,0
193,207,0
194,208,0
195,209,0
196,210,0
197,211,0
198,213,0
199,212,0
200,214,0
201,215,0
202,216,0
203,217,0
204,218,0
205,219,0
206,220,0
207,221,0
208,222,0
209,223,1
210,224,0
211,225,0
212,226,0
213,227,0
214,228,0
215,229,0
216,230,0
217,231,0
218,232,0
219,233,0
220,234,0
221,235,0
222,236,1
223,237,0
224,238,0
225,239,0
226,240,0
227,241,0
228,242,0
229,243,0
230,244,0
231,245,0
232,246,0
233,247,0
234,248,0
235,250,0
236,249,0
237,251,0
238,252,0
239,253,0
240,254,0
241,255,2
242,256,0
243,259,0
244,257,0
245,258,0
246,260,0
247,262,0
248,261,0
249,264,0
250,263,0
251,265,1
252,266,0
253,267,0
254,268,0
255,269,0
256,270,0
257,272,0
258,271,0
259,274,0
260,273,0
261,275,0
262,276,0
263,277,0
264,278,0
265,279,0
266,280,0
267,281,0
268,284,0
269,282,0
270,283,0
271,287,0
272,285,0
273,286,0
274,289,0
275,288,0
276,290,0
277,291,0
278,292,0
279,293,0
280,294,0
281,295,0
282,296,0
283,297,0
284,298,0
285,299,0
286,300,0
287,301,0
288,302,0
289,303,0
290,307,0
291,304,0
292,305,0
293,306,0
294,308,1
295,309,0
296,310,0
297,312,0
298,311,0
299,313,0
300,314,0
301,315,0
302,316,0
303,317,2
304,318,0
305,319,0
306,320,0
307,321,0
308,322,0
309,323,0
310,324,0
311,325,0
312,326,0
313,327,0
314,328,0
315,329,0
316,330,0
317,331,0
318,332,0
319,333,0
320,334,0
321,335,0
322,336,0
323,338,1
324,337,0
325,339,0
326,340,0
327,341,0
328,342,0
329,343,0
330,346,0
331,344,0
332,345,0
333,347,0
334,348,0
335,349,1
336,350,0
337,351,1
338,353,0
339,352,0
340,354,0
341,355,0
342,356,1
343,357,0
344,359,0
345,358,0
346,360,0
347,361,0
348,362,0
349,363,0
350,364,0
351,365,0
352,366,0
353,367,0
354,368,0
355,370,0
356,369,0
357,371,0
358,372,0
359,373,0
360,375,0
361,374,0
362,376,0
363,377,0
364,378,0
365,379,0
366,380,0
367,381,1
368,382,0
369,383,0
370,384,0
371,385,0
372,386,0
373,387,0
374,393,0
375,388,0
376,390,0
377,391,0
378,389,0
379,392,0
380,394,0
381,395,0
382,396,0
383,397,0
384,398,0
385,399,0
386,400,0
387,401,0
388,402,0
389,403,0
390,404,0
391,405,0
392,406,0
393,408,0
394,407,0
395,409,0
396,410,0
397,411,0
398,412,0
399,413,0
400,415,0
401,414,0
402,416,0
403,417,0
404,418,0
405,419,0
406,420,0
407,421,0
408,422,0
409,423,0
410,425,0
411,424,0
412,426,2
413,427,0
414,428,0
415,429,0
416,430,0
417,431,0
418,432,0
419,433,0
420,434,0
421,435,0
422,436,0
423,437,0
424,438,0
425,439,0
426,442,0
427,440,0
428,441,1
429,443,0
430,444,0
431,445,0
432,446,0
433,447,0
434,448,0
435,449,0
436,450,0
437,451,0
438,452,0
439,453,0
440,454,0
441,456,0
442,455,0
443,457,0
444,458,0
445,459,1
446,460,0
447,461,0
448,462,0
449,463,1
450,464,0
451,465,0
452,466,0
453,467,0
454,468,0
455,469,0
456,470,0
457,471,0
458,472,0
459,473,0
460,474,0
461,475,0
462,476,0
463,477,0
464,478,0
465,479,1
466,480,1
467,481,0
468,482,0
469,483,0
470,484,0
471,485,0
472,486,0
473,487,0
474,488,0
475,489,0
476,490,0
477,493,0
478,491,0
479,492,0
480,494,0
481,495,0
482,496,0
483,497,0
484,498,0
485,499,0
486,504,0
487,500,0
488,501,0
489,502,0
490,503,0
491,505,0
492,506,0
493,507,0
494,508,0
495,509,0
496,510,0
497,511,0
498,512,0
499,513,0
500,514,0
501,515,0
502,516,0
503,517,0
504,518,0
505,521,0
506,519,0
507,520,0
508,522,0
509,523,0
510,524,1
511,526,0
512,525,0
513,527,0
514,530,0
515,529,0
516,528,0
517,531,0
518,532,0
519,533,0
520,534,0
521,535,0
522,536,1
523,538,0
524,537,0
525,539,0
526,540,0
527,541,2
528,542,0
529,543,0
530,544,0
531,545,0
532,546,0
533,547,0
534,548,0
535,549,0
536,550,0
537,552,0
538,551,0
539,553,0
540,554,0
541,555,0
542,557,0
543,556,0
544,558,0
545,559,0
546,560,0
547,561,0
548,562,0
549,563,0
550,564,0
551,565,0
552,566,0
553,567,0
554,568,0
555,569,0
556,570,0
557,571,0
558,572,0
559,573,0
560,574,0
561,575,0
562,576,0
563,577,0
564,578,0
565,579,1
566,580,0
567,581,0
568,582,1
569,583,1
570,584,0
571,585,0
572,586,0
573,587,0
574,589,0
575,588,0
576,590,0
577,591,0
578,593,0
579,592,0
580,594,0
581,596,0
582,595,0
583,597,0
584,598,1
585,599,0
586,600,0
587,601,0
588,602,0
589,603,0
590,604,0
591,605,0
592,606,0
593,607,0
594,608,0
595,610,0
596,609,0
597,611,0
598,612,0
599,614,2
600,613,0
601,615,0
602,616,0
603,617,0
604,620,0
605,618,0
606,619,0
607,621,0
608,622,0
609,623,0
610,624,0
611,627,0
612,625,0
613,626,0
614,628,0
615,629,0
616,630,0
617,631,0
618,632,0
619,633,0
620,634,0
621,635,0
622,636,0
623,638,0
624,637,0
625,639,0
626,640,1
627,641,0
628,643,1
629,642,0
630,644,0
631,645,0
632,646,0
633,647,0
634,648,0
635,649,0
636,650,0
637,651,1
638,652,0
639,653,0
640,654,0
641,655,0
642,656,0
643,658,0
644,657,0
645,659,0
646,660,0
647,662,0
648,663,0
649,664,0
650,665,0
651,666,0
652,667,0
653,668,0
654,669,0
655,670,0
656,671,0
657,672,0
658,673,0
659,674,0
660,675,0
661,676,0
662,677,0
663,678,0
664,679,0
665,681,0
666,680,0
667,682,0
668,683,0
669,684,0
670,685,0
671,686,0
672,687,0
673,688,0
674,691,0
675,690,0
676,689,0
677,692,0
678,693,0
679,694,1
680,695,0
681,696,0
682,697,0
683,698,0
684,699,0
685,700,0
686,702,0
687,701,0
688,703,0
689,704,0
690,705,0
691,706,0
692,707,0
693,708,2
694,709,0
695,711,0
696,710,0
697,712,0
698,713,2
699,714,0
700,715,0
701,716,0
702,717,0
703,718,0
704,719,0
705,720,1
706,721,0
707,722,0
708,723,0
709,724,0
710,725,0
711,726,0
712,727,0
713,728,0
714,729,0
715,730,0
716,731,0
717,732,0
718,733,0
719,734,0
720,735,0
721,736,0
722,737,0
723,738,0
724,739,0
725,740,0
726,741,0
727,742,0
728,743,0
729,744,0
730,746,0
731,747,0
732,748,0
733,749,2
734,750,0
735,751,0
736,752,0
737,753,0
738,754,0
739,755,0
740,756,0
741,757,0
742,758,0
743,759,0
744,760,0
745,761,0
746,762,0
747,763,0
748,764,0
749,765,1
750,766,0
751,767,0
752,768,0
753,771,0
754,769,0
755,770,0
756,772,0
757,773,0
758,774,0
759,775,0
760,776,0
761,777,0
762,778,0
763,779,0
764,780,0
765,781,0
766,782,0
767,783,0
768,784,0
769,785,0
770,786,0
771,787,0
772,789,0
773,788,0
774,790,0
775,791,0
776,792,0
777,793,0
778,794,2
779,795,0
780,796,0
781,797,0
782,798,0
783,799,0
784,800,0
785,801,0
786,802,0
787,803,0
788,804,0
789,806,0
790,805,0
791,807,1
792,808,3
793,809,0
794,810,0
795,811,0
796,812,1
797,813,1
798,814,0
799,815,0
800,816,0
801,817,0
802,818,0
803,819,0
804,820,0
805,821,0
806,822,0
807,823,0
808,824,0
809,825,0
810,826,0
811,827,0
812,828,0
813,829,0
814,830,0
815,832,0
816,831,1
817,833,0
818,834,0
819,835,0
820,839,0
821,836,1
822,837,0
823,838,0
824,840,1
825,841,0
826,842,0
827,843,0
828,844,0
829,845,0
830,846,0
831,847,0
832,848,1
833,849,0
834,850,0
835,853,0
836,852,0
837,851,0
838,854,1
839,855,0
840,856,0
841,857,0
842,858,0
843,859,0
844,860,0
845,861,0
846,862,0
847,863,0
848,864,0
849,865,0
850,866,0
851,867,0
852,868,0
853,869,0
854,870,0
855,871,0
856,872,0
857,873,0
858,874,0
859,875,0
860,876,0
861,877,0
862,878,0
863,879,0
864,880,1
865,881,0
866,882,0
867,884,0
868,883,0
869,885,0
870,887,0
871,886,0
872,888,0
873,891,0
874,892,0
875,889,0
876,890,0
877,893,0
878,894,0
879,895,1
880,896,0
881,897,0
882,898,0
883,900,0
884,899,0
885,902,0
886,901,0
887,903,0
888,904,0
889,905,0
890,906,0
891,907,0
892,908,0
893,909,0
894,910,0
895,911,0
896,912,0
897,913,0
898,914,0
899,915,0
900,916,0
901,917,0
902,918,0
903,920,0
904,919,0
905,921,0
906,922,1
907,923,0
908,924,0
909,925,0
910,926,0
911,927,0
912,928,0
913,929,0
914,930,0
915,933,0
916,931,1
917,932,0
918,934,0
919,935,0
920,936,0
921,937,0
922,938,0
923,939,0
924,940,0
925,941,0
926,942,0
927,943,0
928,944,0
929,945,0
930,946,0
931,947,0
932,948,0
933,949,0
934,950,0
935,951,0
936,952,0
937,953,0
938,954,0
939,955,0
940,956,0
941,957,0
942,958,0
943,959,1
944,960,0
945,961,0
946,962,0
947,963,0
948,964,0
949,965,1
950,966,0
951,967,1
952,968,0
953,969,1
954,970,0
955,971,0
956,972,0
957,973,1
958,974,0
959,975,0
960,976,0
961,977,0
962,978,0
963,979,1
964,980,0
965,981,0
966,982,0
967,983,0
968,984,0
969,985,0
970,986,0
971,987,0
972,988,0
973,990,0
974,989,0
975,991,0
976,992,0
977,993,0
978,994,0
979,995,0
980,996,0
981,998,0
982,997,0
983,999,0
984,1000,0
985,1002,0
986,1001,1
987,1003,0
988,1004,0
989,1005,0
990,1006,0
991,1007,0
992,1008,0
993,1009,0
994,1010,0
995,1011,0
996,1012,0
997,1013,0
998,1014,0
999,1015,0
1000,1016,0
1001,1017,1
1002,1018,0
1003,1020,0
1004,1019,0
1005,1021,0
1006,1023,0
1007,1022,0
1008,1025,0
1009,1024,0
1010,1026,0
1011,1027,0
1012,1028,0
1013,1031,0
1014,1029,1
1015,1030,0
1016,1033,0
1017,1032,1
1018,1034,0
1019,1035,0
1020,1036,0
1021,1037,0
1022,1038,1
1023,1040,0
1024,1041,0
1025,1039,0
1026,1042,0
1027,1043,0
1028,1044,1
1029,1045,0
1030,1046,0
1031,1047,0
1032,1049,0
1033,1050,0
1034,1051,0
1035,1052,0
1036,1053,0
1037,1054,0
1038,1055,0
1039,1057,0
1040,1056,0
1041,1058,0
1042,1060,0
1043,1059,0
1044,1061,1
1045,1062,0
1046,1063,0
1047,1064,0
1048,1065,0
1049,1066,0
1050,1067,0
1051,1068,0
1052,1069,0
1053,1070,0
1054,1071,0
1055,1072,0
1056,1073,0
1057,1074,0
1058,1075,0
1059,1076,0
1060,1077,0
1061,1078,0
1062,1079,0
1063,1080,0
1064,1081,0
1065,1082,0
1066,1083,0
1067,1084,0
1068,1085,0
1069,1086,0
1070,1087,0
1071,1088,0
1072,1089,0
1073,1091,0
1074,1090,0
1075,1092,0
1076,1093,0
1077,1094,0
1078,1095,0
1079,1096,0
1080,1100,0
1081,1097,0
1082,1098,0
1083,1099,0
1084,1102,0
1085,1101,0
1086,1103,0
1087,1104,0
1088,1105,0
1089,1106,0
1090,1107,0
1091,1108,0
1092,1110,0
1093,1109,0
1094,1111,0
1095,1112,0
1096,1113,0
1097,1114,0
1098,1115,0
1099,1116,0
1100,1117,0
1101,1118,0
1102,1120,0
1103,1121,0
1104,1123,0
1105,1122,0
1106,1124,0
1107,1125,0
1108,1126,1
1109,1127,0
1110,1129,0
1111,1128,0
1112,1130,0
1113,1131,0
1114,1132,0
1115,1133,0
1116,1134,0
1117,1135,0
1118,1136,0
1119,1137,0
1120,1138,0
1121,1139,0
1122,1140,0
1123,1141,0
1124,1142,0
1125,1143,0
1126,1145,0
1127,1146,0
1128,1144,0
1129,1147,0
1130,1148,0
1131,1149,0
1132,1150,0
1133,1151,0
1134,1152,1
1135,1153,0
1136,1154,0
1137,1155,0
1138,1156,1
1139,1157,0
1140,1158,0
1141,1159,0
1142,1160,0
1143,1161,1
1144,1163,0
1145,1162,0
1146,1165,0
1147,1164,0
1148,1166,0
1149,1167,0
1150,1168,0
1151,1169,0
1152,1170,0
1153,1171,0
1154,1172,0
1155,1173,0
1156,1175,0
1157,1176,0
1158,1177,0
1159,1178,0
1160,1179,0
1161,1180,0
1162,1181,0
1163,1182,0
1164,1183,0
1165,1184,0
1166,1185,0
1167,1186,0
1168,1187,0
1169,1188,0
1170,1189,0
1171,1190,0
1172,1191,2
1173,1192,0
1174,1193,0
1175,1194,0
1176,1195,0
1177,1196,0
1178,1197,0
1179,1198,0
1180,1199,0
1181,1200,0
1182,1201,0
1183,1203,0
1184,1202,0
1185,1204,0
1186,1205,0
1187,1206,0
1188,1207,0
1189,1208,0
1190,1209,0
1191,1210,0
1192,1211,0
1193,1213,0
1194,1212,0
1195,1214,0
1196,1215,0
1197,1216,0
1198,1217,0
1199,1218,0
1200,1219,1
1201,1220,0
1202,1222,0
1203,1221,0
1204,1223,0
1205,1224,1
1206,1225,0
1207,1227,0
1208,1226,0
1209,1228,0
1210,1229,0
1211,1230,0
1212,1231,0
1213,1232,0
1214,1233,0
1215,1234,0
1216,1235,0
1217,1236,0
1218,1237,0
1219,1238,0
1220,1239,0
1221,1240,0
1222,1242,0
1223,1241,0
1224,1243,0
1225,1244,0
1226,1245,0
1227,1250,0
1228,1246,0
1229,1248,0
1230,1249,0
1231,1247,0
1232,1251,0
1233,1252,0
1234,1253,0
1235,1254,0
1236,1255,0
1237,1256,0
1238,1257,0
1239,1259,0
1240,1258,0
1241,1260,0
1242,1261,0
1243,1262,0
1244,1263,0
1245,1264,0
1246,1265,0
1247,1266,0
1248,1269,0
1249,1267,0
1250,1268,0
1251,1270,0
1252,1272,0
1253,1271,0
1254,1273,0
1255,1274,0
1256,1275,0
1257,1276,0
1258,1277,0
1259,1278,0
1260,1279,0
1261,1281,1
1262,1280,0
1263,1282,0
1264,1283,0
1265,1284,0
1266,1285,0
1267,1287,0
1268,1288,0
1269,1286,0
1270,1289,0
1271,1290,0
1272,1291,0
1273,1294,0
1274,1292,0
1275,1293,1
1276,1295,0
1277,1297,0
1278,1296,1
1279,1298,0
1280,1299,0
1281,1300,0
1282,1301,0
1283,1302,0
1284,1306,0
1285,1303,0
1286,1304,0
1287,1305,0
1288,1307,0
1289,1308,0
1290,1309,1
1291,1310,0
1292,1311,0
1293,1312,0
1294,1313,2
1295,1314,0
1296,1315,0
1297,1316,0
1298,1317,0
1299,1318,0
1300,1319,0
1301,1320,0
1302,1321,0
1303,1323,0
1304,1322,0
1305,1324,0
1306,1325,0
1307,1326,0
1308,1327,0
1309,1328,0
1310,1330,0
1311,1329,0
1312,1331,0
1313,1333,0
1314,1332,0
1315,1335,0
1316,1336,0
1317,1337,0
1318,1338,0
1319,1339,0
1320,1340,0
1321,1341,0
1322,1342,0
1323,1343,0
1324,1344,0
1325,1345,0
1326,1346,0
1327,1347,0
1328,1348,0
1329,1349,0
1330,1350,0
1331,1351,0
1332,1352,0
1333,1353,0
1334,1354,0
1335,1355,0
1336,1356,0
1337,1357,0
1338,1358,0
1339,1359,0
1340,1360,0
1341,1361,0
1342,1362,0
1343,1363,0
1344,1364,0
1345,1365,0
1346,1366,2
1347,1367,0
1348,1368,0
1349,1369,0
1350,1370,0
1351,1371,0
1352,1374,0
1353,1372,0
1354,1373,0
1355,1375,0
1356,1376,0
1357,1377,1
1358,1378,0
1359,1379,0
1360,1380,0
1361,1384,0
1362,1381,0
1363,1382,0
1364,1383,0
1365,1385,0
1366,1386,0
1367,1387,0
1368,1388,0
1369,1389,0
1370,1390,0
1371,1391,0
1372,1392,0
1373,1393,0
1374,1394,0
1375,1395,0
1376,1396,0
1377,1397,0
1378,1399,0
1379,1398,0
1380,1400,0
1381,1401,0
1382,1402,0
1383,1403,0
1384,1404,0
1385,1405,0
1386,1406,0
1387,1407,1
1388,1408,0
1389,1409,0
1390,1410,0
1391,1411,0
1392,1412,0
1393,1413,0
1394,1414,0
1395,1415,0
1396,1416,0
1397,1417,0
1398,1418,0
1399,1422,0
1400,1419,0
1401,1420,0
1402,1421,0
1403,1423,0
1404,1424,0
1405,1425,0
1406,1426,0
1407,1427,0
1408,1429,0
1409,1428,0
1410,1430,0
1411,1432,0
1412,1431,1
1413,1433,0
1414,1434,0
1415,1435,0
1416,1436,0
1417,1437,0
1418,1438,0
1419,1439,0
1420,1441,0
1421,1440,0
1422,1442,0
1423,1444,0
1424,1443,0
1425,1445,0
1426,1446,0
1427,1447,0
1428,1448,0
1429,1449,0
1430,1451,0
1431,1450,0
1432,1452,0
1433,1454,0
1434,1453,0
1435,1455,0
1436,1456,0
1437,1457,0
1438,1458,1
1439,1459,0
1440,1460,0
1441,1461,0
1442,1462,0
1443,1463,1
1444,1464,0
1445,1465,0
1446,1466,0
1447,1467,0
1448,1468,0
1449,1469,0
1450,1470,0
1451,1471,0
1452,1472,0
1453,1473,0
1454,1475,0
1455,1474,0
1456,1476,0
1457,1478,0
1458,1477,0
1459,1479,0
1460,1480,0
1461,1481,0
1462,1482,0
1463,1483,0
1464,1484,0
1465,1485,0
1466,1486,0
1467,1487,0
1468,1488,0
1469,1489,0
1470,1490,0
1471,1491,0
1472,1492,0
1473,1493,0
1474,1494,0
1475,1495,0
1476,1496,0
1477,1498,0
1478,1497,0
1479,1499,0
1480,1500,0
1481,1501,0
1482,1502,0
1483,1504,1
1484,1503,0
1485,1505,0
1486,1506,0
1487,1507,0
1488,1508,0
1489,1509,0
1490,1510,0
1491,1511,0
1492,1512,0
1493,1513,0
1494,1514,1
1495,1515,0
1496,1516,0
1497,1517,0
1498,1518,0
1499,1519,0
1500,1520,2
1501,1521,1
1502,1522,1
1503,1523,0
1504,1524,0
1505,1526,0
1506,1527,0
1507,1528,1
1508,1529,2
1509,1530,0
1510,1531,0
1511,1532,0
1512,1533,2
1513,1534,0
1514,1535,0
1515,1536,0
1516,1537,1
1517,1538,0
1518,1539,1
1519,1540,0
1520,1541,0
1521,1542,1
1522,1543,1
1523,1544,0
1524,1545,0
1525,1546,0
1526,1547,0
1527,1548,0
1528,1549,0
1529,1550,0
1530,1551,1
1531,1552,0
1532,1553,1
1533,1554,0
1534,1556,0
1535,1557,1
1536,1558,0
1537,1559,0
1538,1560,0
1539,1561,0
1540,1563,0
1541,1562,0
1542,1564,0
1543,1565,0
1544,1566,0
1545,1567,0
1546,1568,0
1547,1569,0
1548,1570,0
1549,1571,0
1550,1572,0
1551,1573,0
1552,1574,2
1553,1576,0
1554,1577,0
1555,1575,0
1556,1578,0
1557,1580,0
1558,1579,0
1559,1581,0
1560,1582,0
1561,1583,0
1562,1584,0
1563,1585,0
1564,1586,0
1565,1587,0
1566,1588,0
1567,1589,0
1568,1590,1
1569,1593,0
1570,1595,0
1571,1594,0
1572,1596,0
1573,1597,0
1574,1598,0
1575,1599,0
1576,1600,0
1577,1601,0
1578,1602,0
1579,1603,0
1580,1604,0
1581,1605,0
1582,1606,1
1583,1607,0
1584,1608,0
1585,1609,0
1586,1611,0
1587,1610,0
1588,1612,0
1589,1613,0
1590,1614,0
1591,1615,0
1592,1616,1
1593,1617,0
1594,1618,0
1595,1619,0
1596,1620,0
1597,1621,0
1598,1622,0
1599,1623,0
1600,1624,0
1601,1625,0
1602,1626,0
1603,1627,4
1604,1628,0
1605,1629,0
1606,1630,1
1607,1631,0
1608,1633,0
1609,1634,0
1610,1635,1
1611,1636,1
1612,1637,1
1613,1639,0
1614,1640,0
1615,1641,0
1616,1642,1
1617,1643,0
1618,1644,0
1619,1645,0
1620,1646,0
1621,1647,0
1622,1648,2
1623,1649,0
1624,1650,1
1625,1651,0
1626,1652,0
1627,1653,0
1628,1654,0
1629,1655,0
1630,1656,1
1631,1657,1
1632,1659,1
1633,1661,0
1634,1663,0
1635,1664,0
1636,1665,0
1637,1666,0
1638,1667,0
1639,1668,0
1640,1669,0
1641,1670,0
1642,1671,0
1643,1672,0
1644,1673,0
1645,1674,1
1646,1675,1
1647,1676,1
1648,1677,0
1649,1678,1
1650,1679,1
1651,1680,0
1652,1681,2
1653,1682,0
1654,1683,0
1655,1684,0
1656,1685,0
1657,1686,1
1658,1687,0
1659,1688,0
1660,1689,0
1661,1690,0
1662,1691,0
